web-scraper-order,web-scraper-start-url,pagination,prices,address,zip_code,rooms_kvm
"1684830206-1","https://www.edc.dk/lejebolig/lejlighed/aarhus/?side=1","","11.500 - 18.000 kr./md.","Regina-bygningen","8000 Aarhus C","5/2 rum, 95 - 135 m²"
"1684830206-2","https://www.edc.dk/lejebolig/lejlighed/aarhus/?side=1","","9.500 kr./md.","Thorvaldsensgade 26C, 1. 5","8000 Aarhus C","2 rum, 67 m²"
"1684830206-3","https://www.edc.dk/lejebolig/lejlighed/aarhus/?side=1","","15.600 kr./md.","Guldsmedgade 22B 2","8000 Aarhus C","8 rum, 142 m²"
"1684830206-4","https://www.edc.dk/lejebolig/lejlighed/aarhus/?side=1","","7.000 kr./md.","Fiskergade 41 ST 6","8000 Aarhus C","1 rum, 51 m²"
"1684830206-5","https://www.edc.dk/lejebolig/lejlighed/aarhus/?side=1","","9.750 kr./md.","Mejlgade 41 3 TH","8000 Aarhus C","3 rum, 74 m²"
"1684830206-6","https://www.edc.dk/lejebolig/lejlighed/aarhus/?side=1","","10.900 kr./md.","Baldersgade 33 1 th","8230 Åbyhøj","3 rum, 95 m²"
"1684830206-7","https://www.edc.dk/lejebolig/lejlighed/aarhus/?side=1","","7.500 kr./md.","Dirch Passers Gade 3 6 4","8000 Aarhus C","1 rum, 42 m²"
"1684830206-8","https://www.edc.dk/lejebolig/lejlighed/aarhus/?side=1","","13.150 kr./md.","Fiskergade 39 1 1","8000 Aarhus C","4 rum, 102 m²"
"1684830206-9","https://www.edc.dk/lejebolig/lejlighed/aarhus/?side=1","","15.600 kr./md.","Guldsmedgade 22B 3","8000 Aarhus C","3 rum, 129 m²"
"1684830206-10","https://www.edc.dk/lejebolig/lejlighed/aarhus/?side=1","","11.960 kr./md.","Mejlgade 41 1 TV","8000 Aarhus C","3 rum, 105 m²"
"1684830206-11","https://www.edc.dk/lejebolig/lejlighed/aarhus/?side=1","","8.950 kr./md.","Engtoften 3 ST 18","8260 Viby J","3 rum, 76 m²"
"1684830206-12","https://www.edc.dk/lejebolig/lejlighed/aarhus/?side=1","","8.300 kr./md.","Katrinebjergvej 48 1 5","8200 Aarhus N","2 rum, 54 m²"
"1684830206-13","https://www.edc.dk/lejebolig/lejlighed/aarhus/?side=1","","9.000 kr./md.","Stockholmsgade 2E 1 3","8200 Aarhus N","2 rum, 68 m²"
"1684830206-14","https://www.edc.dk/lejebolig/lejlighed/aarhus/?side=1","","9.300 kr./md.","Fiskergade 41 2 2","8000 Aarhus C","2 rum, 69 m²"
"1684830206-15","https://www.edc.dk/lejebolig/lejlighed/aarhus/?side=1","","11.648 kr./md.","Søren Frichs Vej 9 5 th","8000 Aarhus C","3 rum, 82 m²"
"1684830206-16","https://www.edc.dk/lejebolig/lejlighed/aarhus/?side=1","","11.500 kr./md.","Åboulevarden 80, 6. 4","8000 Aarhus C","3 rum, 69 m²"
"1684830206-17","https://www.edc.dk/lejebolig/lejlighed/aarhus/?side=1","","9.464 kr./md.","Bifrostgade 7 3 4","8230 Åbyhøj","2 rum, 71 m²"
"1684830206-18","https://www.edc.dk/lejebolig/lejlighed/aarhus/?side=1","","8.000 kr./md.","Åboulevarden 80, 2. 3","8000 Aarhus C","2 rum, 50 m²"
"1684830206-19","https://www.edc.dk/lejebolig/lejlighed/aarhus/?side=1","","10.088 kr./md.","Dirch Passers Gade 7 2 tv","8000 Aarhus C","3 rum, 73 m²"
"1684830206-20","https://www.edc.dk/lejebolig/lejlighed/aarhus/?side=1","","15.700 kr./md.","Bestlasgade 4, 3. sal","8230 Åbyhøj","4 rum, 131 m²"
"1684830206-21","https://www.edc.dk/lejebolig/lejlighed/aarhus/?side=1","","7.785 kr./md.","Tulipanhaven 49A","8200 Aarhus N","3 rum, 62 m²"
"1684830206-22","https://www.edc.dk/lejebolig/lejlighed/aarhus/?side=1","","7.887 kr./md.","Tulipanhaven 35 1 2","8200 Aarhus N","3 rum, 64 m²"
"1684830206-23","https://www.edc.dk/lejebolig/lejlighed/aarhus/?side=1","","9.360 kr./md.","Bifrostgade 7 2 4","8230 Åbyhøj","2 rum, 71 m²"
"1684830206-24","https://www.edc.dk/lejebolig/lejlighed/aarhus/?side=1","","9.672 kr./md.","Bifrostgade 7, 1, 1","8230 Åbyhøj","3 rum, 71 m²"
"1684830206-25","https://www.edc.dk/lejebolig/lejlighed/aarhus/?side=1","","5.670 kr./md.","Brassøvej 19 1 3","8240 Risskov","1 rum, 39 m²"
"1684830206-26","https://www.edc.dk/lejebolig/lejlighed/aarhus/?side=1","","8.749 kr./md.","Sifsgade 3 1 2","8230 Åbyhøj","2 rum, 59 m²"
"1684830206-27","https://www.edc.dk/lejebolig/lejlighed/aarhus/?side=1","","12.050 kr./md.","Fiskergade 41 2 4","8000 Aarhus C","3 rum, 86 m²"
"1684830206-28","https://www.edc.dk/lejebolig/lejlighed/aarhus/?side=1","","11.950 kr./md.","Fiskergade 41, 1. 4","8000 Aarhus C","3 rum, 86 m²"
"1684830206-29","https://www.edc.dk/lejebolig/lejlighed/aarhus/?side=1","","7.887 kr./md.","Tulipanlunden 39","8200 Aarhus N","3 rum, 64 m²"
"1684830206-30","https://www.edc.dk/lejebolig/lejlighed/aarhus/?side=1","","18.000 kr./md.","Sønder Allé 9 4 tv","8000 Aarhus C","3 rum, 153 m²"
"1684830206-31","https://www.edc.dk/lejebolig/lejlighed/aarhus/?side=1","","8.840 kr./md.","Engtoften 3 ST 3","8260 Viby J","3 rum, 76 m²"
"1684830206-32","https://www.edc.dk/lejebolig/lejlighed/aarhus/?side=1","","8.895 kr./md.","Brassøvej 19 st 2","8240 Risskov","3 rum, 79 m²"
"1684830206-33","https://www.edc.dk/lejebolig/lejlighed/aarhus/?side=1","","11.000 kr./md.","Åboulevarden 80 6 5","8000 Aarhus C","3 rum, 64 m²"
"1684830206-34","https://www.edc.dk/lejebolig/lejlighed/aarhus/?side=1","","9.000 kr./md.","Malmøgade 3B 2 4","8200 Aarhus N","3 rum, 65 m²"
"1684830206-35","https://www.edc.dk/lejebolig/lejlighed/aarhus/?side=1","","9.880 kr./md.","Lokesvej 21, st. tv.","8230 Åbyhøj","2 rum, 78 m²"
"1684830206-36","https://www.edc.dk/lejebolig/lejlighed/aarhus/?side=1","","12.792 kr./md.","Bestlasgade 4 2 tv","8230 Åbyhøj","4 rum, 101 m²"
"1684830206-37","https://www.edc.dk/lejebolig/lejlighed/aarhus/?side=1","","13.231 kr./md.","Sifsgade 31 2 1","8230 Åbyhøj","4 rum, 112 m²"
"1684830206-38","https://www.edc.dk/lejebolig/lejlighed/aarhus/?side=1","","9.710 kr./md.","Sifsgade 3 3 3","8230 Åbyhøj","3 rum, 68 m²"
"1684830206-39","https://www.edc.dk/lejebolig/lejlighed/aarhus/?side=1","","10.795 kr./md.","Brassøvej 27","8240 Risskov","4 rum, 99 m²"
"1684830206-40","https://www.edc.dk/lejebolig/lejlighed/aarhus/?side=1","","11.100 kr./md.","Sifsgade 29, 2. tv","8230 Åbyhøj","4 rum, 88 m²"
"1684830206-41","https://www.edc.dk/lejebolig/lejlighed/aarhus/?side=1","","9.400 kr./md.","Thorvaldsensgade 26C, 4, 1","8000 Aarhus C","2 rum, 66 m²"
"1684830206-42","https://www.edc.dk/lejebolig/lejlighed/aarhus/?side=1","","12.792 kr./md.","Bestlasgade 4 2 th","8230 Åbyhøj","4 rum, 101 m²"
"1684830206-43","https://www.edc.dk/lejebolig/lejlighed/aarhus/?side=1","","9.395 kr./md.","Østergade 35 2 MF","8000 Aarhus C","2 rum, 56 m²"
"1684830206-44","https://www.edc.dk/lejebolig/lejlighed/aarhus/?side=1","","7.785 kr./md.","Tulipanhaven 34","8200 Aarhus N","3 rum, 62 m²"
"1684830206-45","https://www.edc.dk/lejebolig/lejlighed/aarhus/?side=1","","7.375 kr./md.","Tulipanlunden 34","8200 Aarhus N","2 rum, 52 m²"
"1684830206-46","https://www.edc.dk/lejebolig/lejlighed/aarhus/?side=1","","17.900 kr./md.","Søndergade 53C, 3. sal, lejl. 1.","8000 Aarhus C","4 rum, 151 m²"
"1684830206-47","https://www.edc.dk/lejebolig/lejlighed/aarhus/?side=1","","11.300 kr./md.","Sifsgade 29 4 tv","8230 Åbyhøj","4 rum, 88 m²"
"1684830206-48","https://www.edc.dk/lejebolig/lejlighed/aarhus/?side=1","","8.400 kr./md.","Lokesvej 5B, 2. tv","8230 Åbyhøj","2 rum, 62 m²"
"1684830206-49","https://www.edc.dk/lejebolig/lejlighed/aarhus/?side=1","","8.500 kr./md.","Lokesvej 5B, 3. tv","8230 Åbyhøj","2 rum, 62 m²"
"1684830206-50","https://www.edc.dk/lejebolig/lejlighed/aarhus/?side=1","","13.800 kr./md.","Amaliegade 20B 4 MF","8000 Aarhus C","2 rum, 107 m²"
"1684830206-51","https://www.edc.dk/lejebolig/lejlighed/aarhus/?side=1","","7.887 kr./md.","Tulipanlunden 37","8200 Aarhus N","3 rum, 64 m²"
"1684830206-52","https://www.edc.dk/lejebolig/lejlighed/aarhus/?side=1","","9.214 kr./md.","Østergade 35 ST MF","8000 Aarhus C","3 rum, 56 m²"
"1684830206-53","https://www.edc.dk/lejebolig/lejlighed/aarhus/?side=1","","10.695 kr./md.","Brassøvej 33","8240 Risskov","4 rum, 98 m²"
"1684830206-54","https://www.edc.dk/lejebolig/lejlighed/aarhus/?side=1","","10.199 kr./md.","Brassøvej 25 1 2","8240 Risskov","4 rum, 90 m²"
"1684830206-55","https://www.edc.dk/lejebolig/lejlighed/aarhus/?side=1","","8.185 kr./md.","Brassøvej 25 1 1","8240 Risskov","3 rum, 67 m²"
"1684830206-56","https://www.edc.dk/lejebolig/lejlighed/aarhus/?side=1","","7.895 kr./md.","Brassøvej 23 1 2","8240 Risskov","3 rum, 63 m²"
"1684830206-57","https://www.edc.dk/lejebolig/lejlighed/aarhus/?side=1","","7.285 kr./md.","Brassøvej 21 1 2","8240 Risskov","2 rum, 52 m²"
"1684830206-58","https://www.edc.dk/lejebolig/lejlighed/aarhus/?side=1","","10.800 kr./md.","Thorvaldsensgade 26C, 5, 2","8000 Aarhus C","3 rum, 66 m²"
"1684830206-59","https://www.edc.dk/lejebolig/lejlighed/aarhus/?side=1","","10.700 kr./md.","Thorvaldsensgade 26C, 4, 2","8000 Aarhus C","3 rum, 66 m²"
"1684830206-60","https://www.edc.dk/lejebolig/lejlighed/aarhus/?side=1","","10.600 kr./md.","Klokkerbakken 108 1 th","8210 Aarhus V","2 rum, 98 m²"
"1684830206-61","https://www.edc.dk/lejebolig/lejlighed/aarhus/?side=1","","12.900 kr./md.","Ryhavevej 11 1 th","8210 Aarhus V","4 rum, 118 m²"
"1684830206-62","https://www.edc.dk/lejebolig/lejlighed/aarhus/?side=1","","9.200 kr./md.","Klokkerbakken 112 3 th","8210 Aarhus V","3 rum, 72 m²"
"1684830206-63","https://www.edc.dk/lejebolig/lejlighed/aarhus/?side=1","","9.200 kr./md.","Fiskergade 41, 1. 2","8000 Aarhus C","2 rum, 69 m²"
"1684830206-64","https://www.edc.dk/lejebolig/lejlighed/aarhus/?side=1","","8.600 kr./md.","Lokesvej 5A, 3. 1","8230 Åbyhøj","2 rum, 61 m²"
"1684830206-65","https://www.edc.dk/lejebolig/lejlighed/aarhus/?side=1","","11.950 kr./md.","Fiskergade 41, 1. 5","8000 Aarhus C","3 rum, 86 m²"
"1684830206-66","https://www.edc.dk/lejebolig/lejlighed/aarhus/?side=1","","9.395 kr./md.","Østergade 35, 1. MF","8000 Aarhus C","2 rum, 56 m²"
"1684830206-67","https://www.edc.dk/lejebolig/lejlighed/aarhus/?side=1","","14.900 kr./md.","Østergade 35, 2. TV","8000 Aarhus C","4 rum, 106 m²"
"1684830206-68","https://www.edc.dk/lejebolig/lejlighed/aarhus/?side=1","","12.950 kr./md.","Fiskergade 41, 4. 2","8000 Aarhus C","3 rum, 94 m²"
"1684830206-69","https://www.edc.dk/lejebolig/lejlighed/aarhus/?side=1","","9.300 kr./md.","Fiskergade 41, 2. 1","8000 Aarhus C","2 rum, 70 m²"
"1684830206-70","https://www.edc.dk/lejebolig/lejlighed/aarhus/?side=1","","10.600 kr./md.","Thorvaldsensgade 26C, 2, 2","8000 Aarhus C","3 rum, 66 m²"
"1684830206-71","https://www.edc.dk/lejebolig/lejlighed/aarhus/?side=1","","11.000 kr./md.","Randersvej 109, 2. 2.","8200 Aarhus N","3 rum, 94 m²"
"1684830206-72","https://www.edc.dk/lejebolig/lejlighed/aarhus/?side=1","","10.500 kr./md.","Stockholmsgade 2C, 1. 1","8200 Aarhus N","3 rum, 80 m²"
"1684830206-73","https://www.edc.dk/lejebolig/lejlighed/aarhus/?side=1","","10.500 kr./md.","Randersvej 117, 1. 2.","8200 Aarhus N","3 rum, 87 m²"
"1684830206-74","https://www.edc.dk/lejebolig/lejlighed/aarhus/?side=1","","8.800 kr./md.","Randersvej 117, st. 2.","8200 Aarhus N","2 rum, 70 m²"
"1684830206-75","https://www.edc.dk/lejebolig/lejlighed/aarhus/?side=1","","5.158 kr./md.","Ny Munkegade  5","8000 Aarhus C","1 rum, 24 m²"
"1684830206-76","https://www.edc.dk/lejebolig/lejlighed/aarhus/?side=1","","4.621 kr./md.","Jægergårdsgade  1","8000 Aarhus C","1 rum, 36 m²"
"1684830206-77","https://www.edc.dk/lejebolig/lejlighed/aarhus/?side=1","","5.975 kr./md.","Kantorvænget  2","8240 Risskov","1 rum, 38 m²"
"1684830206-78","https://www.edc.dk/lejebolig/lejlighed/aarhus/?side=1","","7.850 kr./md.","Tordenskjoldsgade  1","8200 Aarhus N","2 rum, 65 m²"
"1684830206-79","https://www.edc.dk/lejebolig/lejlighed/aarhus/?side=1","","13.200 kr./md.","Banegårdsgade  1","8000 Aarhus C","5 rum, 113 m²"
"1684830206-80","https://www.edc.dk/lejebolig/lejlighed/aarhus/?side=1","","15.180 kr./md.","Sonnesgade  1","8000 Aarhus C","4 rum, 114 m²"
"1684830206-81","https://www.edc.dk/lejebolig/lejlighed/aarhus/?side=1","","5.650 kr./md.","Oddervej  1","8270 Højbjerg","2 rum, 54 m²"
"1684830206-82","https://www.edc.dk/lejebolig/lejlighed/aarhus/?side=1","","9.980 kr./md.","Finderupvej","8000 Aarhus C","3 rum, 73 m²"
"1684830206-83","https://www.edc.dk/lejebolig/lejlighed/aarhus/?side=1","","9.575 kr./md.","Sletterhagevej  2","8240 Risskov","4 rum, 98 m²"
"1684830206-84","https://www.edc.dk/lejebolig/lejlighed/aarhus/?side=1","","10.500 kr./md.","Valdemarsgade  1","8000 Aarhus C","2 rum, 61 m²"
"1684830206-85","https://www.edc.dk/lejebolig/lejlighed/aarhus/?side=1","","9.150 kr./md.","Hasselvangen","8355 Solbjerg","4 rum, 105 m²"
"1684830206-86","https://www.edc.dk/lejebolig/lejlighed/aarhus/?side=1","","9.600 kr./md.","Søndervangs Allé  1","8260 Viby J","3 rum, 78 m²"
"1684830206-87","https://www.edc.dk/lejebolig/lejlighed/aarhus/?side=1","","12.495 kr./md.","Telefonsmøgen  4","8000 Aarhus C","3 rum, 87 m²"
"1684830206-88","https://www.edc.dk/lejebolig/lejlighed/aarhus/?side=1","","8.750 kr./md.","Amaliegade  3","8000 Aarhus C","2 rum, 70 m²"
"1684830206-89","https://www.edc.dk/lejebolig/lejlighed/aarhus/?side=1","","7.275 kr./md.","Stavnsvej  1","8381 Tilst","3 rum, 65 m²"
"1684830206-90","https://www.edc.dk/lejebolig/lejlighed/aarhus/?side=1","","8.482 kr./md.","Guldsmedgade  2","8000 Aarhus C","2 rum, 60 m²"
"1684830206-91","https://www.edc.dk/lejebolig/lejlighed/aarhus/?side=1","","8.275 kr./md.","Christian X's Vej  2","8260 Viby J","3 rum, 81 m²"
"1684830206-92","https://www.edc.dk/lejebolig/lejlighed/aarhus/?side=1","","7.990 kr./md.","Holmevej  1","8270 Højbjerg","4 rum, 82 m²"
"1684830206-93","https://www.edc.dk/lejebolig/lejlighed/aarhus/?side=1","","11.900 kr./md.","Søndre Ringgade  2","8000 Aarhus C","3 rum, 104 m²"
"1684830206-94","https://www.edc.dk/lejebolig/lejlighed/aarhus/?side=1","","6.995 kr./md.","Kaj Munks Vej","8260 Viby J","2 rum, 60 m²"
"1684830206-95","https://www.edc.dk/lejebolig/lejlighed/aarhus/?side=1","","11.760 kr./md.","Engtoften","8260 Viby J","4 rum, 104 m²"
"1684830206-96","https://www.edc.dk/lejebolig/lejlighed/aarhus/?side=1","","9.800 kr./md.","Christian X's Vej","8260 Viby J","3 rum, 88 m²"
"1684830206-97","https://www.edc.dk/lejebolig/lejlighed/aarhus/?side=1","","11.300 kr./md.","Engtoften  1","8260 Viby J","3 rum, 108 m²"
"1684830206-98","https://www.edc.dk/lejebolig/lejlighed/aarhus/?side=1","","9.950 kr./md.","Nymarks Allé  1","8320 Mårslet","4 rum, 96 m²"
"1684830206-99","https://www.edc.dk/lejebolig/lejlighed/aarhus/?side=1","","4.495 kr./md.","Ladefogedvej","8200 Aarhus N","1 rum, 29 m²"
"1684830206-100","https://www.edc.dk/lejebolig/lejlighed/aarhus/?side=1","","8.300 kr./md.","Høegh-Guldbergs Gade  3","8000 Aarhus C","2 rum, 63 m²"
"1684830206-101","https://www.edc.dk/lejebolig/lejlighed/aarhus/?side=1","","16.500 kr./md.","Hans Broges Gade  2","8000 Aarhus C","5 rum, 141 m²"
"1684830206-102","https://www.edc.dk/lejebolig/lejlighed/aarhus/?side=1","","3.900 kr./md.","Lisbjergbakken","8200 Aarhus N","1 rum, 36 m²"
"1684830206-103","https://www.edc.dk/lejebolig/lejlighed/aarhus/?side=1","","8.450 kr./md.","Jyllands Allé  3","8000 Aarhus C","2 rum, 76 m²"
"1684830206-104","https://www.edc.dk/lejebolig/lejlighed/aarhus/?side=1","","9.575 kr./md.","Ceresbyen  4","8000 Aarhus C","3 rum, 64 m²"
"1684830206-105","https://www.edc.dk/lejebolig/lejlighed/aarhus/?side=1","","7.827 kr./md.","Jens Baggesens Vej","8200 Aarhus N","2 rum, 51 m²"
"1684830206-106","https://www.edc.dk/lejebolig/lejlighed/aarhus/?side=1","","6.750 kr./md.","Markvangen  1","8260 Viby J","2 rum, 48 m²"
"1684830206-107","https://www.edc.dk/lejebolig/lejlighed/aarhus/?side=1","","10.450 kr./md.","Hans Broges Gade  2","8000 Aarhus C","3 rum, 94 m²"
"1684830206-108","https://www.edc.dk/lejebolig/lejlighed/aarhus/?side=1","","9.900 kr./md.","Carl Bertelsens Gade  3","8000 Aarhus C","3 rum, 90 m²"
"1684830206-109","https://www.edc.dk/lejebolig/lejlighed/aarhus/?side=1","","10.227 kr./md.","Jordbrovej  1","8200 Aarhus N","4 rum, 104 m²"
"1684830206-110","https://www.edc.dk/lejebolig/lejlighed/aarhus/?side=1","","6.295 kr./md.","Grøndalsvej  3","8260 Viby J","3 rum, 59 m²"
"1684830206-111","https://www.edc.dk/lejebolig/lejlighed/aarhus/?side=1","","5.000 kr./md.","Espegårdsvej","8260 Viby J","2 rum, 65 m²"
"1684830206-112","https://www.edc.dk/lejebolig/lejlighed/aarhus/?side=1","","5.555 kr./md.","Hvidkløvervej  1","8200 Aarhus N","1 rum, 35 m²"
"1684830206-113","https://www.edc.dk/lejebolig/lejlighed/aarhus/?side=1","","10.800 kr./md.","Kaj Munks Vej  2","8260 Viby J","4 rum, 97 m²"
"1684830206-114","https://www.edc.dk/lejebolig/lejlighed/aarhus/?side=1","","8.495 kr./md.","Vintervej","8210 Aarhus V","3 rum, 72 m²"
"1684830206-115","https://www.edc.dk/lejebolig/lejlighed/aarhus/?side=1","","8.800 kr./md.","Marselis Boulevard  4","8000 Aarhus C","2 rum, 65 m²"
"1684830206-116","https://www.edc.dk/lejebolig/lejlighed/aarhus/?side=1","","8.595 kr./md.","Søndre Ringgade  4","8000 Aarhus C","3 rum, 86 m²"
"1684830206-117","https://www.edc.dk/lejebolig/lejlighed/aarhus/?side=1","","15.900 kr./md.","Irma Pedersens Gade  6","8000 Aarhus C","3 rum, 98 m²"
"1684830206-118","https://www.edc.dk/lejebolig/lejlighed/aarhus/?side=1","","6.995 kr./md.","Vester Allé","8000 Aarhus C","2 rum, 49 m²"
"1684830206-119","https://www.edc.dk/lejebolig/lejlighed/aarhus/?side=1","","9.900 kr./md.","Nordborggade","8000 Aarhus C","3 rum, 92 m²"
"1684830206-120","https://www.edc.dk/lejebolig/lejlighed/aarhus/?side=1","","13.800 kr./md.","Sonnesgade  2","8000 Aarhus C","4 rum, 86 m²"
"1684830206-121","https://www.edc.dk/lejebolig/lejlighed/aarhus/?side=1","","6.200 kr./md.","Vestergade  4","8000 Aarhus C","1 rum, 44 m²"
"1684830206-122","https://www.edc.dk/lejebolig/lejlighed/aarhus/?side=1","","6.265 kr./md.","Tøndergade  3","8000 Aarhus C","1 rum, 40 m²"
"1684830206-123","https://www.edc.dk/lejebolig/lejlighed/aarhus/?side=1","","13.636 kr./md.","Tøndergade  2","8000 Aarhus C","4 rum, 150 m²"
"1684830206-124","https://www.edc.dk/lejebolig/lejlighed/aarhus/?side=1","","9.368 kr./md.","Vestergårdsringen","8260 Viby J","3 rum, 85 m²"
"1684830206-125","https://www.edc.dk/lejebolig/lejlighed/aarhus/?side=1","","8.850 kr./md.","Trøjborgvej  1","8200 Aarhus N","2 rum, 65 m²"
"1684830206-126","https://www.edc.dk/lejebolig/lejlighed/aarhus/?side=1","","9.600 kr./md.","Langenæs Allé","8000 Aarhus C","3 rum, 84 m²"
"1684830206-127","https://www.edc.dk/lejebolig/lejlighed/aarhus/?side=1","","8.995 kr./md.","Gudrunsvej","8220 Brabrand","4 rum, 105 m²"
"1684830206-128","https://www.edc.dk/lejebolig/lejlighed/aarhus/?side=1","","7.800 kr./md.","Ryhavevej","8210 Aarhus V","2 rum, 64 m²"
"1684830206-129","https://www.edc.dk/lejebolig/lejlighed/aarhus/?side=1","","8.743 kr./md.","Finderupvej","8000 Aarhus C","3 rum, 74 m²"
"1684830206-130","https://www.edc.dk/lejebolig/lejlighed/aarhus/?side=1","","8.900 kr./md.","Vestre Ringgade","8000 Aarhus C","3 rum, 80 m²"
"1684830206-131","https://www.edc.dk/lejebolig/lejlighed/aarhus/?side=1","","8.190 kr./md.","Viborgvej  3","8210 Aarhus V","3 rum, 89 m²"
"1684830206-132","https://www.edc.dk/lejebolig/lejlighed/aarhus/?side=1","","10.495 kr./md.","Guldsmedgade","8000 Aarhus C","2 rum, 84 m²"
"1684830206-133","https://www.edc.dk/lejebolig/lejlighed/aarhus/?side=1","","7.227 kr./md.","Kaserneboulevarden  2","8000 Aarhus C","2 rum, 52 m²"
"1684830206-134","https://www.edc.dk/lejebolig/lejlighed/aarhus/?side=1","","5.300 kr./md.","Rundhøj Allé  2","8270 Højbjerg","2 rum, 41 m²"
"1684830206-135","https://www.edc.dk/lejebolig/lejlighed/aarhus/?side=1","","10.500 kr./md.","Langelandsgade","8200 Aarhus N","3 rum, 87 m²"
"1684830206-136","https://www.edc.dk/lejebolig/lejlighed/aarhus/?side=1","","9.795 kr./md.","Kastanjehaven","8520 Lystrup","4 rum, 111 m²"
"1684830206-137","https://www.edc.dk/lejebolig/lejlighed/aarhus/?side=1","","8.125 kr./md.","Vintervej","8210 Aarhus V","3 rum, 64 m²"
"1684830206-138","https://www.edc.dk/lejebolig/lejlighed/aarhus/?side=1","","9.300 kr./md.","Sonnesgade  1","8000 Aarhus C","2 rum, 72 m²"
"1684830206-139","https://www.edc.dk/lejebolig/lejlighed/aarhus/?side=1","","11.812 kr./md.","Museumsgade  3","8000 Aarhus C","4 rum, 90 m²"
"1684830206-140","https://www.edc.dk/lejebolig/lejlighed/aarhus/?side=1","","9.000 kr./md.","Grøfthøjparken  1","8260 Viby J","4 rum, 108 m²"
"1684830206-141","https://www.edc.dk/lejebolig/lejlighed/aarhus/?side=1","","10.290 kr./md.","Silkeborgvej  1","8230 Åbyhøj","3 rum, 100 m²"
"1684830206-142","https://www.edc.dk/lejebolig/lejlighed/aarhus/?side=1","","11.990 kr./md.","Skanderborgvej  5","8000 Aarhus C","4 rum, 114 m²"
"1684830206-143","https://www.edc.dk/lejebolig/lejlighed/aarhus/?side=1","","10.500 kr./md.","Truevej  2","8220 Brabrand","5 rum, 105 m²"
"1684830206-144","https://www.edc.dk/lejebolig/lejlighed/aarhus/?side=1","","12.916 kr./md.","Marselis Boulevard  1","8000 Aarhus C","4 rum, 122 m²"
"1684830206-145","https://www.edc.dk/lejebolig/lejlighed/aarhus/?side=1","","8.900 kr./md.","Møllegade  1","8000 Aarhus C","2 rum, 64 m²"
"1684830206-146","https://www.edc.dk/lejebolig/lejlighed/aarhus/?side=1","","13.600 kr./md.","Nørre Allé  5","8000 Aarhus C","5 rum, 107 m²"
"1684830206-147","https://www.edc.dk/lejebolig/lejlighed/aarhus/?side=1","","8.300 kr./md.","Vester Allé  3","8000 Aarhus C","2 rum, 66 m²"
"1684830206-148","https://www.edc.dk/lejebolig/lejlighed/aarhus/?side=1","","7.984 kr./md.","Jens Baggesens Vej","8200 Aarhus N","2 rum, 57 m²"
"1684830206-149","https://www.edc.dk/lejebolig/lejlighed/aarhus/?side=1","","15.250 kr./md.","Sonnesgade  2","8000 Aarhus C","4 rum, 114 m²"
"1684830206-150","https://www.edc.dk/lejebolig/lejlighed/aarhus/?side=1","","6.995 kr./md.","Frodesvej","8230 Åbyhøj","2 rum, 65 m²"
"1684830206-151","https://www.edc.dk/lejebolig/lejlighed/aarhus/?side=1","","13.000 kr./md.","Viborgvej","8210 Aarhus V","3 rum, 120 m²"
"1684830206-152","https://www.edc.dk/lejebolig/lejlighed/aarhus/?side=1","","7.000 kr./md.","Vestre Ringgade","8000 Aarhus C","2 rum, 50 m²"
"1684830206-153","https://www.edc.dk/lejebolig/lejlighed/aarhus/?side=1","","6.500 kr./md.","Bangsboparken  1","8541 Skødstrup","2 rum, 75 m²"
"1684830206-154","https://www.edc.dk/lejebolig/lejlighed/aarhus/?side=1","","5.995 kr./md.","Vesterbrogade  2","8000 Aarhus C","2 rum, 46 m²"
"1684830206-155","https://www.edc.dk/lejebolig/lejlighed/aarhus/?side=1","","16.900 kr./md.","Thit Jensens Gade  6","8000 Aarhus C","4 rum, 142 m²"
"1684830206-156","https://www.edc.dk/lejebolig/lejlighed/aarhus/?side=1","","8.400 kr./md.","Lokesvej   2","8230 Åbyhøj","2 rum, 62 m²"
"1684830206-157","https://www.edc.dk/lejebolig/lejlighed/aarhus/?side=1","","8.600 kr./md.","Otto Brandenburgs Gade","8000 Aarhus C","2 rum, 62 m²"
"1684830206-158","https://www.edc.dk/lejebolig/lejlighed/aarhus/?side=1","","8.670 kr./md.","Abildhaven","8520 Lystrup","3 rum, 85 m²"
"1684830206-159","https://www.edc.dk/lejebolig/lejlighed/aarhus/?side=1","","9.500 kr./md.","Vesterport  2","8000 Aarhus C","1 rum, 83 m²"
"1684830206-160","https://www.edc.dk/lejebolig/lejlighed/aarhus/?side=1","","9.795 kr./md.","Tove Ditlevsens Gade  1","8240 Risskov","4 rum, 93 m²"
"1684830206-161","https://www.edc.dk/lejebolig/lejlighed/aarhus/?side=1","","10.380 kr./md.","Rosenkrantzgade  2","8000 Aarhus C","3 rum, 83 m²"
"1684830206-162","https://www.edc.dk/lejebolig/lejlighed/aarhus/?side=1","","5.995 kr./md.","Ladefogedvej","8200 Aarhus N","2 rum, 58 m²"
"1684830206-163","https://www.edc.dk/lejebolig/lejlighed/aarhus/?side=1","","8.795 kr./md.","Engelundsvej","8260 Viby J","3 rum, 57 m²"
"1684830206-164","https://www.edc.dk/lejebolig/lejlighed/aarhus/?side=1","","9.400 kr./md.","Brendstrupvej","8200 Aarhus N","3 rum, 81 m²"
"1684830206-165","https://www.edc.dk/lejebolig/lejlighed/aarhus/?side=1","","6.750 kr./md.","Engtoften  1","8260 Viby J","2 rum, 52 m²"
"1684830206-166","https://www.edc.dk/lejebolig/lejlighed/aarhus/?side=1","","7.950 kr./md.","Møllevangs Allé  1","8200 Aarhus N","2 rum, 56 m²"
"1684830206-167","https://www.edc.dk/lejebolig/lejlighed/aarhus/?side=1","","9.422 kr./md.","Fredens Torv  3","8000 Aarhus C","4 rum, 104 m²"
"1684830206-168","https://www.edc.dk/lejebolig/lejlighed/aarhus/?side=1","","10.420 kr./md.","Islandsgade  1","8200 Aarhus N","3 rum, 84 m²"
"1684830206-169","https://www.edc.dk/lejebolig/lejlighed/aarhus/?side=1","","8.500 kr./md.","Otte Ruds Gade  4","8200 Aarhus N","2 rum, 64 m²"
"1684830206-170","https://www.edc.dk/lejebolig/lejlighed/aarhus/?side=1","","7.300 kr./md.","Kantorparken  3","8240 Risskov","2 rum, 68 m²"
"1684830206-171","https://www.edc.dk/lejebolig/lejlighed/aarhus/?side=1","","9.300 kr./md.","Studsgade  1","8000 Aarhus C","2 rum, 80 m²"
"1684830206-172","https://www.edc.dk/lejebolig/lejlighed/aarhus/?side=1","","6.200 kr./md.","Søren Frichs Vej  1","8230 Åbyhøj","1 rum, 37 m²"
"1684830206-173","https://www.edc.dk/lejebolig/lejlighed/aarhus/?side=1","","8.800 kr./md.","Otto Brandenburgs Gade  4","8000 Aarhus C","2 rum, 62 m²"
"1684830206-174","https://www.edc.dk/lejebolig/lejlighed/aarhus/?side=1","","7.800 kr./md.","Lokesvej","8230 Åbyhøj","2 rum, 53 m²"
"1684830206-175","https://www.edc.dk/lejebolig/lejlighed/aarhus/?side=1","","10.600 kr./md.","åparken","8000 Aarhus C","3 rum, 83 m²"
"1684830206-176","https://www.edc.dk/lejebolig/lejlighed/aarhus/?side=1","","10.513 kr./md.","Sandgravvej  2","8000 Aarhus C","3 rum, 71 m²"
"1684830206-177","https://www.edc.dk/lejebolig/lejlighed/aarhus/?side=1","","9.400 kr./md.","Guldsmedgade  1","8000 Aarhus C","2 rum, 66 m²"
"1684830206-178","https://www.edc.dk/lejebolig/lejlighed/aarhus/?side=1","","9.900 kr./md.","Lollandsgade  2","8000 Aarhus C","2 rum, 55 m²"
"1684830206-179","https://www.edc.dk/lejebolig/lejlighed/aarhus/?side=1","","8.795 kr./md.","Engelundsvej","8260 Viby J","3 rum, 57 m²"
"1684830206-180","https://www.edc.dk/lejebolig/lejlighed/aarhus/?side=1","","8.200 kr./md.","Skanderborgvej  2","8000 Aarhus C","2 rum, 73 m²"
"1684830206-181","https://www.edc.dk/lejebolig/lejlighed/aarhus/?side=1","","12.500 kr./md.","Stenvej","8270 Højbjerg","4 rum, 105 m²"
"1684830206-182","https://www.edc.dk/lejebolig/lejlighed/aarhus/?side=1","","5.900 kr./md.","Grenåvej","8541 Skødstrup","2 rum, 69 m²"
"1684830206-183","https://www.edc.dk/lejebolig/lejlighed/aarhus/?side=1","","11.500 kr./md.","Carl Jensens Vej  1","8260 Viby J","4 rum, 101 m²"
"1684830206-184","https://www.edc.dk/lejebolig/lejlighed/aarhus/?side=1","","10.600 kr./md.","Åhusene  6","8000 Aarhus C","3 rum, 68 m²"
"1684830206-185","https://www.edc.dk/lejebolig/lejlighed/aarhus/?side=1","","11.200 kr./md.","Sønderholmvej","8361 Hasselager","4 rum, 107 m²"
"1684830206-186","https://www.edc.dk/lejebolig/lejlighed/aarhus/?side=1","","10.900 kr./md.","De Mezas Vej","8000 Aarhus C","3 rum, 105 m²"
"1684830206-187","https://www.edc.dk/lejebolig/lejlighed/aarhus/?side=1","","7.500 kr./md.","Åparken  2","8000 Aarhus C","2 rum, 52 m²"
"1684830206-188","https://www.edc.dk/lejebolig/lejlighed/aarhus/?side=1","","8.000 kr./md.","Brendstrupvej  3","8200 Aarhus N","2 rum, 60 m²"
"1684830206-189","https://www.edc.dk/lejebolig/lejlighed/aarhus/?side=1","","7.984 kr./md.","Jens Baggesens Vej  1","8200 Aarhus N","2 rum, 51 m²"
"1684830206-190","https://www.edc.dk/lejebolig/lejlighed/aarhus/?side=1","","9.195 kr./md.","Guldsmedgade","8000 Aarhus C","2 rum, 64 m²"
"1684830206-191","https://www.edc.dk/lejebolig/lejlighed/aarhus/?side=1","","4.995 kr./md.","Engtoften  1","8260 Viby J","1 rum, 38 m²"
"1684830206-192","https://www.edc.dk/lejebolig/lejlighed/aarhus/?side=1","","7.595 kr./md.","Skanderborgvej  3","8260 Viby J","2 rum, 57 m²"
"1684830206-193","https://www.edc.dk/lejebolig/lejlighed/aarhus/?side=1","","8.695 kr./md.","Ellebrinken","8520 Lystrup","3 rum, 57 m²"
"1684830206-194","https://www.edc.dk/lejebolig/lejlighed/aarhus/?side=1","","12.500 kr./md.","Christiansgade  1","8000 Aarhus C","3 rum, 107 m²"
"1684830206-195","https://www.edc.dk/lejebolig/lejlighed/aarhus/?side=1","","5.995 kr./md.","Kastanjehaven  1","8520 Lystrup","2 rum, 48 m²"
"1684830206-196","https://www.edc.dk/lejebolig/lejlighed/aarhus/?side=1","","6.750 kr./md.","Markvangen  1","8260 Viby J","2 rum, 48 m²"
"1684830206-197","https://www.edc.dk/lejebolig/lejlighed/aarhus/?side=1","","7.500 kr./md.","Åboulevarden  4","8000 Aarhus C","1 rum, 62 m²"
"1684830206-198","https://www.edc.dk/lejebolig/lejlighed/aarhus/?side=1","","9.975 kr./md.","Ny Munkegade  4","8000 Aarhus C","3 rum, 83 m²"
"1684830206-199","https://www.edc.dk/lejebolig/lejlighed/aarhus/?side=1","","4.500 kr./md.","Dr. Holsts Vej  1","8230 Åbyhøj","1 rum, 27 m²"
"1684830206-200","https://www.edc.dk/lejebolig/lejlighed/aarhus/?side=1","","13.250 kr./md.","Fiskergade  4","8000 Aarhus C","3 rum, 96 m²"
"1684830206-201","https://www.edc.dk/lejebolig/lejlighed/aarhus/?side=1","","9.300 kr./md.","Fiskergade  2","8000 Aarhus C","2 rum, 70 m²"
"1684830206-202","https://www.edc.dk/lejebolig/lejlighed/aarhus/?side=1","","11.650 kr./md.","Åbyvej  2","8230 Åbyhøj","3 rum, 85 m²"
"1684830206-203","https://www.edc.dk/lejebolig/lejlighed/aarhus/?side=1","","9.775 kr./md.","Solbærhaven","8520 Lystrup","4 rum, 94 m²"
"1684830206-204","https://www.edc.dk/lejebolig/lejlighed/aarhus/?side=1","","6.583 kr./md.","Havkærvej","8381 Tilst","2 rum, 54 m²"
"1684830206-205","https://www.edc.dk/lejebolig/lejlighed/aarhus/?side=1","","8.500 kr./md.","Skt. Anna Gade  1","8000 Aarhus C","3 rum, 90 m²"
"1684830206-206","https://www.edc.dk/lejebolig/lejlighed/aarhus/?side=1","","9.000 kr./md.","Falstersgade  1","8000 Aarhus C","2 rum, 52 m²"
"1684830206-207","https://www.edc.dk/lejebolig/lejlighed/aarhus/?side=1","","8.950 kr./md.","Æbeløgade  1","8000 Aarhus C","2 rum, 54 m²"
"1684830206-208","https://www.edc.dk/lejebolig/lejlighed/aarhus/?side=1","","9.495 kr./md.","Niels Juels Gade  3","8200 Aarhus N","2 rum, 65 m²"
"1684830206-209","https://www.edc.dk/lejebolig/lejlighed/aarhus/?side=1","","11.500 kr./md.","Åboulevarden  6","8000 Aarhus C","3 rum, 69 m²"
"1684830206-210","https://www.edc.dk/lejebolig/lejlighed/aarhus/?side=1","","8.750 kr./md.","Engelundsvej","8260 Viby J","3 rum, 57 m²"
"1684830206-211","https://www.edc.dk/lejebolig/lejlighed/aarhus/?side=1","","5.995 kr./md.","Pollenvænget  3","8381 Tilst","2 rum, 39 m²"
"1684830206-212","https://www.edc.dk/lejebolig/lejlighed/aarhus/?side=1","","18.800 kr./md.","Silkeborgvej  2","8230 Åbyhøj","5 rum, 187 m²"
"1684830206-213","https://www.edc.dk/lejebolig/lejlighed/aarhus/?side=1","","8.995 kr./md.","Trøjborgvej","8200 Aarhus N","3 rum, 70 m²"
"1684830206-214","https://www.edc.dk/lejebolig/lejlighed/aarhus/?side=1","","7.400 kr./md.","Jens Baggesens Vej  1","8200 Aarhus N","2 rum, 48 m²"
"1684830206-215","https://www.edc.dk/lejebolig/lejlighed/aarhus/?side=1","","8.695 kr./md.","Pollenvænget  1","8381 Tilst","3 rum, 72 m²"
"1684830206-216","https://www.edc.dk/lejebolig/lejlighed/aarhus/?side=1","","13.500 kr./md.","Sonnesgade  1","8000 Aarhus C","4 rum, 86 m²"
"1684830206-217","https://www.edc.dk/lejebolig/lejlighed/aarhus/?side=1","","11.900 kr./md.","Rundhøj Allé  3","8270 Højbjerg","4 rum, 129 m²"
"1684830206-218","https://www.edc.dk/lejebolig/lejlighed/aarhus/?side=1","","6.450 kr./md.","Pollenvænget","8381 Tilst","2 rum, 52 m²"
"1684830206-219","https://www.edc.dk/lejebolig/lejlighed/aarhus/?side=1","","8.000 kr./md.","Tandrupvej  1","8462 Harlev J","3 rum, 80 m²"
"1684830206-220","https://www.edc.dk/lejebolig/lejlighed/aarhus/?side=1","","4.495 kr./md.","Ladefogedvej","8200 Aarhus N","1 rum, 29 m²"
"1684830206-221","https://www.edc.dk/lejebolig/lejlighed/aarhus/?side=1","","14.800 kr./md.","Mariane Thomsens Gade  6","8000 Aarhus C","3 rum, 88 m²"
"1684830206-222","https://www.edc.dk/lejebolig/lejlighed/aarhus/?side=1","","10.995 kr./md.","Vestergade  1","8000 Aarhus C","3 rum, 91 m²"
"1684830206-223","https://www.edc.dk/lejebolig/lejlighed/aarhus/?side=1","","8.500 kr./md.","Lokesvej  3","8230 Åbyhøj","2 rum, 62 m²"
"1684830206-224","https://www.edc.dk/lejebolig/lejlighed/aarhus/?side=1","","8.950 kr./md.","Fåborggade  2","8000 Aarhus C","2 rum, 80 m²"
"1684830206-225","https://www.edc.dk/lejebolig/lejlighed/aarhus/?side=1","","9.785 kr./md.","Sønder Allé  1","8000 Aarhus C","3 rum, 72 m²"
"1684830206-226","https://www.edc.dk/lejebolig/lejlighed/aarhus/?side=1","","7.795 kr./md.","Vintervej","8210 Aarhus V","3 rum, 62 m²"
"1684830206-227","https://www.edc.dk/lejebolig/lejlighed/aarhus/?side=1","","13.800 kr./md.","Sonnesgade  4","8000 Aarhus C","4 rum, 86 m²"
"1684830206-228","https://www.edc.dk/lejebolig/lejlighed/aarhus/?side=1","","5.995 kr./md.","Vintervej  1","8210 Aarhus V","1 rum, 41 m²"
"1684830206-229","https://www.edc.dk/lejebolig/lejlighed/aarhus/?side=1","","9.795 kr./md.","Amaliegade  2","8000 Aarhus C","2 rum, 59 m²"
"1684830206-230","https://www.edc.dk/lejebolig/lejlighed/aarhus/?side=1","","13.500 kr./md.","Ålborggade  3","8000 Aarhus C","4 rum, 109 m²"
"1684830206-231","https://www.edc.dk/lejebolig/lejlighed/aarhus/?side=1","","8.900 kr./md.","Thunøgade  1","8000 Aarhus C","2 rum, 60 m²"
"1684830206-232","https://www.edc.dk/lejebolig/lejlighed/aarhus/?side=1","","11.950 kr./md.","Fiskergade  1","8000 Aarhus C","3 rum, 86 m²"
"1684830206-233","https://www.edc.dk/lejebolig/lejlighed/aarhus/?side=1","","7.250 kr./md.","Markvangen  1","8260 Viby J","2 rum, 63 m²"
"1684830206-234","https://www.edc.dk/lejebolig/lejlighed/aarhus/?side=1","","10.995 kr./md.","Engskovvænget","8541 Skødstrup","4 rum, 116 m²"
"1684830206-235","https://www.edc.dk/lejebolig/lejlighed/aarhus/?side=1","","3.300 kr./md.","Hoffmannsvej","8220 Brabrand","1 rum, 28 m²"
"1684830206-236","https://www.edc.dk/lejebolig/lejlighed/aarhus/?side=1","","9.900 kr./md.","Lily Brobergs Gade","8220 Brabrand","4 rum, 108 m²"
"1684830206-237","https://www.edc.dk/lejebolig/lejlighed/aarhus/?side=1","","9.900 kr./md.","Ingerslevvej","8361 Hasselager","4 rum, 164 m²"
"1684830206-238","https://www.edc.dk/lejebolig/lejlighed/aarhus/?side=1","","4.100 kr./md.","Kantorparken  3","8240 Risskov","1 rum, 29 m²"
"1684830206-239","https://www.edc.dk/lejebolig/lejlighed/aarhus/?side=1","","7.895 kr./md.","Møllehatten  3","8240 Risskov","2 rum, 64 m²"
"1684830206-240","https://www.edc.dk/lejebolig/lejlighed/aarhus/?side=1","","8.500 kr./md.","Søndre Ringgade  2","8000 Aarhus C","2 rum, 70 m²"
"1684830206-241","https://www.edc.dk/lejebolig/lejlighed/aarhus/?side=1","","14.397 kr./md.","Museumsgade  4","8000 Aarhus C","4 rum, 120 m²"
"1684830206-242","https://www.edc.dk/lejebolig/lejlighed/aarhus/?side=1","","8.840 kr./md.","Engtoften","8260 Viby J","3 rum, 76 m²"
"1684830206-243","https://www.edc.dk/lejebolig/lejlighed/aarhus/?side=1","","8.300 kr./md.","Søren Frichs Vej  6","8230 Åbyhøj","2 rum, 51 m²"
"1684830206-244","https://www.edc.dk/lejebolig/lejlighed/aarhus/?side=1","","8.000 kr./md.","Åboulevarden  4","8000 Aarhus C","1 rum, 54 m²"
"1684830206-245","https://www.edc.dk/lejebolig/lejlighed/aarhus/?side=1","","6.800 kr./md.","Åboulevarden  1","8000 Aarhus C","1 rum, 45 m²"
"1684830206-246","https://www.edc.dk/lejebolig/lejlighed/aarhus/?side=1","","8.990 kr./md.","Brendstrupvej  1","8200 Aarhus N","3 rum, 76 m²"
"1684830206-247","https://www.edc.dk/lejebolig/lejlighed/aarhus/?side=1","","7.100 kr./md.","Arresøvej","8240 Risskov","2 rum, 54 m²"
"1684830206-248","https://www.edc.dk/lejebolig/lejlighed/aarhus/?side=1","","8.950 kr./md.","Pollenvænget","8381 Tilst","3 rum, 102 m²"
"1684830206-249","https://www.edc.dk/lejebolig/lejlighed/aarhus/?side=1","","15.950 kr./md.","Sonnesgade  3","8000 Aarhus C","4 rum, 114 m²"
"1684830206-250","https://www.edc.dk/lejebolig/lejlighed/aarhus/?side=1","","10.975 kr./md.","Thorvaldsensgade  3","8000 Aarhus C","3 rum, 99 m²"
"1684830206-251","https://www.edc.dk/lejebolig/lejlighed/aarhus/?side=1","","7.895 kr./md.","Ellebrinken  1","8520 Lystrup","2 rum, 60 m²"
"1684830206-252","https://www.edc.dk/lejebolig/lejlighed/aarhus/?side=1","","7.895 kr./md.","Ellebrinken  1","8520 Lystrup","2 rum, 60 m²"
