web-scraper-order,price,address,kvm,rooms
1684834100-1,"7.944,- pr. mdr.","Fåborggade, Århus C",56 m²,2 vær.
1684834100-2,"6.700,- pr. mdr.","Eckersbergsgade, Århus C",50 m²,2 vær.
1684834100-3,"4.250,- pr. mdr.","Molsgade, Århus C",45 m²,2 vær.
1684834100-4,"5.342,- pr. mdr.","Strandparken, Århus C",48 m²,1 vær.
1684834100-5,"8.800,- pr. mdr.","Frederiksbjerg, Århus C",87 m²,3 vær.
1684834100-6,"9.750,- pr. mdr.","Mejlgade, Århus C",74 m²,3 vær.
1684834100-7,"8.395,- pr. mdr.","Abildhaven, Lystrup",85 m²,3 vær.
1684834100-8,"10.300,- pr. mdr.","Kværnloftet, Risskov",90 m²,3 vær.
1684834100-9,"8.850,- pr. mdr.","Ceresbyen, Århus C",63 m²,2 vær.
1684834100-10,"7.000,- pr. mdr.","Fiskergade, Århus C",51 m²,1 vær.
1684834100-11,"9.400,- pr. mdr.","Studsgade, Århus C",81 m²,3 vær.
1684834100-12,"4.500,- pr. mdr.","Amaliegade, Århus C",12 m²,1 vær.
1684834100-13,"13.400,- pr. mdr.","Jens Baggesens Vej, Århus N",91 m²,4 vær.
1684834100-14,"8.876,- pr. mdr.","Lyøgade, Århus N",70 m²,3 vær.
1684834100-15,"8.800,- pr. mdr.","Skejbyparken , Århus N",77 m²,4 vær.
1684834100-16,"4.950,- pr. mdr.","Vestre Strandallé, Risskov",31 m²,1 vær.
1684834100-17,"10.495,- pr. mdr.","Guldsmedgade, Århus C",84 m²,2 vær.
1684834100-18,"9.692,- pr. mdr.","Sønder Allé, Århus C",79 m²,3 vær.
1684834100-19,"8.000,- pr. mdr.","Åboulevarden, Århus C",50 m²,2 vær.
1684834100-20,"13.450,- pr. mdr.","Søren Frichs Vej, Århus C",89 m²,3 vær.
1684834100-21,"12.325,- pr. mdr.","Lokesvej, Åbyhøj",105 m²,3 vær.
1684834100-22,"10.995,- pr. mdr.","Sønderport, Århus C",85 m²,3 vær.
1684834100-23,"10.500,- pr. mdr.","Nordre Strandvej, Risskov",92 m²,9 vær.
1684834100-24,"5.670,- pr. mdr.","Brassøvej, Risskov",39 m²,1 vær.
1684834100-25,"10.500,- pr. mdr.","Ceres Allé, Århus C",76 m²,2 vær.
1684834100-26,"7.000,- pr. mdr.","Ivar Huitfeldts Gade, Århus N",62 m²,2 vær.
1684834100-27,"12.095,- pr. mdr.","Ålborggade, Århus C",89 m²,3 vær.
1684834100-28,"12.800,- pr. mdr.","Thit Jensens Gade, Århus C",96 m²,4 vær.
1684834100-29,"9.495,- pr. mdr.","Marstrandsgade, Århus C",94 m²,4 vær.
1684834100-30,"8.995,- pr. mdr.","Amaliegade, Århus C",55 m²,2 vær.
1684834100-31,"9.500,- pr. mdr.","Frederiks Alle, Århus C",73 m²,2 vær.
1684834100-32,"4.500,- pr. mdr.","Kjeld Tolstrupsgade, Århus C",94 m²,1 vær.
1684834100-33,"13.595,- pr. mdr.","Emiliedalen, Højbjerg",108 m²,4 vær.
1684834100-34,"8.200,- pr. mdr.","østboulevarden, Århus C",63 m²,2 vær.
1684834100-35,"11.100,- pr. mdr.","Tommy Seebachs Gade, Århus C",81 m²,3 vær.
1684834100-36,"9.900,- pr. mdr.","Daugbjergvej, Århus C",103 m²,3 vær.
1684834100-37,"7.500,- pr. mdr.","Mejlgade, Århus C",60 m²,2 vær.
1684834100-38,"9.695,- pr. mdr.","Marstrandsgadse, Århus C",94 m²,4 vær.
1684834100-39,"7.000,- pr. mdr.","Skanderborgvej, Århus C",60 m²,2 vær.
1684834100-40,"9.400,- pr. mdr.","Thorvaldsensgade, Århus C",66 m²,2 vær.
1684834100-41,"13.640,- pr. mdr.","Tommy Seebachs Gade, Århus C",97 m²,4 vær.
1684834100-42,"10.300,- pr. mdr.","Ceresbyen, Århus C",72 m²,3 vær.
1684834100-43,"6.700,- pr. mdr.","Arresøvej, Risskov",42 m²,2 vær.
1684834100-44,"7.800,- pr. mdr.","Bestlasgade, Åbyhøj",63 m²,1 vær.
1684834100-45,"7.995,- pr. mdr.","Søren Frichs Vej, Åbyhøj",57 m²,2 vær.
1684834100-46,"6.174,- pr. mdr.","Eya Jensens Gade, Risskov",49 m²,2 vær.
1684834100-47,"7.400,- pr. mdr.","Jens Baggesens Vej, Århus N",48 m²,2 vær.
1684834100-48,"9.900,- pr. mdr.","morten børups gade, Århus C",71 m²,3 vær.
1684834100-49,"7.999,- pr. mdr.","Gebauersgade, Århus C",55 m²,2 vær.
1684834100-50,"8.400,- pr. mdr.","Børglumvej, Risskov",60 m²,3 vær.
1684834100-51,"6.595,- pr. mdr.","Tove Ditlevsens Gade, Risskov",51 m²,2 vær.
1684834100-52,"4.805,- pr. mdr.","Fredensgade, Århus C",33 m²,1 vær.
1684834100-53,"10.628,- pr. mdr.","Søndervangs Allé, Viby J",91 m²,4 vær.
1684834100-54,"6.995,- pr. mdr.","Vester Allé, Århus C",49 m²,2 vær.
1684834100-55,"9.200,- pr. mdr.","Broloftet, Risskov",82 m²,3 vær.
1684834100-56,"7.900,- pr. mdr.","Vester Allé, Århus C",66 m²,2 vær.
1684834100-57,"7.500,- pr. mdr.","Dirch Passers Gade, Århus C",42 m²,1 vær.
1684834100-58,"11.395,- pr. mdr.","Møllehatten, Risskov",85 m²,4 vær.
1684834100-59,"9.411,- pr. mdr.","Olof Palmes Allé, Århus N",80 m²,3 vær.
1684834100-60,"8.300,- pr. mdr.","Arresøvej, Risskov",64 m²,3 vær.
1684834100-61,"10.685,- pr. mdr.","Eya Jensens Gade, Risskov",85 m²,4 vær.
1684834100-62,"7.995,- pr. mdr.","Dagmar Hansens Gade, Risskov",62 m²,3 vær.
1684834100-63,"7.670,- pr. mdr.","Doris Kæraas Gade, Risskov",60 m²,2 vær.
1684834100-64,"11.250,- pr. mdr.","Langelandsgade, Århus N",87 m²,4 vær.
1684834100-65,"7.564,- pr. mdr.","Eya Jensens Gade, Risskov",60 m²,2 vær.
1684834100-66,"12.015,- pr. mdr.","Solbakken, Risskov",89 m²,3 vær.
1684834100-67,"4.995,- pr. mdr.","Olof Palmes Allé, Århus N",32 m²,1 vær.
1684834100-68,"15.000,- pr. mdr.","Amaliegade, Århus C",121 m²,2 vær.
1684834100-69,"7.160,- pr. mdr.","Nordborggade, Århus C",67 m²,2 vær.
1684834100-70,"7.995,- pr. mdr.","Daubjergvej, Århus C",57 m²,2 vær.
1684834100-71,"11.645,- pr. mdr.","Ellen Jensens Gade, Risskov",102 m²,3 vær.
1684834100-72,"10.380,- pr. mdr.","Rosenkrantzgade, Århus C",83 m²,3 vær.
1684834100-73,"8.850,- pr. mdr.","Dagmar Hansens Gade, Risskov",77 m²,3 vær.
1684834100-74,"10.800,- pr. mdr.","Vindrosen, Risskov",85 m²,1 vær.
1684834100-75,"11.500,- pr. mdr.","Åboulevarden, Århus C",69 m²,3 vær.
1684834100-76,"11.237,- pr. mdr.","Engtoften, Viby J",108 m²,3 vær.
1684834100-77,"10.280,- pr. mdr.","Broloftet, Risskov",91 m²,3 vær.
1684834100-78,"7.804,- pr. mdr.","Doris Kæraas Gade, Risskov",61 m²,3 vær.
1684834100-79,"16.215,- pr. mdr.","Orla Lehmanns Allé, Århus C",162 m²,6 vær.
1684834100-80,"7.777,- pr. mdr.","Eya Jensens Gade, Risskov",64 m²,2 vær.
1684834100-81,"11.834,- pr. mdr.","Engtoften, Viby J",105 m²,4 vær.
1684834100-82,"11.929,- pr. mdr.","Skolegade, Århus C",92 m²,4 vær.
1684834100-83,"3.000,- pr. mdr.","Christian x’s vej, Højbjerg",30 m²,1 vær.
1684834100-84,"9.615,- pr. mdr.","Orla Lehmanns Allé, Århus C",85 m²,3 vær.
1684834100-85,"9.900,- pr. mdr.","Vesterport, Århus C",72 m²,3 vær.
1684834100-86,"8.300,- pr. mdr.","Vester Allé, Århus C",66 m²,2 vær.
1684834100-87,"5.150,- pr. mdr.","Olof Palmes Allé, Århus N",30 m²,1 vær.
1684834100-88,"4.900,- pr. mdr.","Christian X's Vej, Viby J",29 m²,1 vær.
1684834100-89,"8.995,- pr. mdr.","Niels Juels Gade, Århus N",68 m²,2 vær.
1684834100-90,"9.996,- pr. mdr.","Eya Jensens Gade, Risskov",86 m²,4 vær.
1684834100-91,"12.792,- pr. mdr.","Bestlasgade, Åbyhøj",101 m²,4 vær.
1684834100-92,"12.650,- pr. mdr.","Ceresbyen, Århus C",85 m²,4 vær.
1684834100-93,"13.003,- pr. mdr.","Katrinebjergvej, Århus N",99 m²,4 vær.
1684834100-94,"9.729,- pr. mdr.","Olof Palmes Allé, Århus N",80 m²,3 vær.
1684834100-95,"6.900,- pr. mdr.","Olof Palmes Allé, Århus N",52 m²,2 vær.
1684834100-96,"8.400,- pr. mdr.","Finderupvej, Århus C",61 m²,2 vær.
1684834100-97,"13.500,- pr. mdr.","Sønder Allé, Århus C",112 m²,3 vær.
1684834100-98,"8.600,- pr. mdr.","Kværnloftet, Risskov",69 m²,2 vær.
1684834100-99,"13.265,- pr. mdr.","Engtoften, Viby J",111 m²,4 vær.
1684834100-100,"5.950,- pr. mdr.","Vestre Strandallé, Risskov",35 m²,1 vær.
1684834100-101,"7.100,- pr. mdr.","Vester Allé, Århus C",50 m²,2 vær.
1684834100-102,"7.777,- pr. mdr.","Doris Kæraas Gade, Risskov",61 m²,3 vær.
1684834100-103,"8.295,- pr. mdr.","Søren Frichs Vej, Åbyhøj",58 m²,2 vær.
1684834100-104,"6.050,- pr. mdr.","Møllevangen, Tranbjerg J",560 m²,2 vær.
1684834100-105,"8.800,- pr. mdr.","Broloftet, Risskov",73 m²,2 vær.
1684834100-106,"7.644,- pr. mdr.","Eya Jensens Gade, Risskov",61 m²,2 vær.
1684834100-107,"7.912,- pr. mdr.","Vikærsvej, Risskov",57 m²,2 vær.
1684834100-108,"10.695,- pr. mdr.","Brassøvej, Risskov",98 m²,4 vær.
1684834100-109,"9.915,- pr. mdr.","Orla Lehmanns Allé, Århus C",92 m²,3 vær.
1684834100-110,"7.100,- pr. mdr.","Arresøvej, Risskov",51 m²,2 vær.
1684834100-111,"9.000,- pr. mdr.","Kværnloftet, Risskov",82 m²,2 vær.
1684834100-112,"11.851,- pr. mdr.","Katrinebjergvej, Århus N",78 m²,3 vær.
1684834100-113,"11.995,- pr. mdr.","Engtoften, Viby J",112 m²,4 vær.
1684834100-114,"7.590,- pr. mdr.","Eya Jensens Gade, Risskov",61 m²,3 vær.
1684834100-115,"9.915,- pr. mdr.","Orla Lehmanns Allé, Århus C",92 m²,3 vær.
1684834100-116,"14.900,- pr. mdr.","Vestre Strandallé, Risskov",128 m²,3 vær.
1684834100-117,"7.724,- pr. mdr.","Eya Jensens Gade, Risskov",60 m²,2 vær.
1684834100-118,"13.150,- pr. mdr.","Fiskergade, Århus C",102 m²,4 vær.
1684834100-119,"15.326,- pr. mdr.","Orla Lehmanns Allé, Århus C",157 m²,4 vær.
1684834100-120,"7.777,- pr. mdr.","Eya Jensens Gade, Risskov",64 m²,2 vær.
1684834100-121,"11.000,- pr. mdr.","Åboulevarden, Århus C",64 m²,3 vær.
1684834100-122,"9.935,- pr. mdr.","Enghavevej, Viby J",88 m²,3 vær.
1684834100-123,"5.895,- pr. mdr.","Arresøvej, Risskov",450 m²,2 vær.
1684834100-124,"2.810,- pr. mdr.","Emiliehøj, Højbjerg",18 m²,1 vær.
1684834100-125,"7.695,- pr. mdr.","Borresøvej, Åbyhøj",580 m²,2 vær.
1684834100-126,"10.590,- pr. mdr.","Broloftet, Risskov",97 m²,3 vær.
1684834100-127,"9.880,- pr. mdr.","Rødbedevej, Århus N",88 m²,3 vær.
1684834100-128,"9.975,- pr. mdr.","Arresøvej, Risskov",78 m²,3 vær.
1684834100-129,"10.547,- pr. mdr.","Olof Palmes Allé, Århus N",89 m²,3 vær.
1684834100-130,"15.600,- pr. mdr.","Guldsmedgade, Århus C",142 m²,8 vær.
1684834100-131,"13.300,- pr. mdr.","Vindrosen, Risskov",121 m²,3 vær.
1684834100-132,"11.485,- pr. mdr.","Katrinebjergvej, Århus N",86 m²,3 vær.
1684834100-133,"8.200,- pr. mdr.","Finderupvej, Århus C",61 m²,2 vær.
1684834100-134,"8.600,- pr. mdr.","Arresøvej, Risskov",76 m²,3 vær.
1684834100-135,"6.200,- pr. mdr.","Vestergade, Århus C",44 m²,1 vær.
1684834100-136,"11.305,- pr. mdr.","Ellen Jensens Gade, Risskov",88 m²,3 vær.
1684834100-137,"12.019,- pr. mdr.","Engtoften, Viby J",107 m²,4 vær.
1684834100-138,"12.500,- pr. mdr.","Engtoften, Viby J",128 m²,4 vær.
1684834100-139,"7.695,- pr. mdr.","Søren Frichs Vej, Åbyhøj",52 m²,2 vær.
1684834100-140,"11.860,- pr. mdr.","Tommy Seebachs Gade, Århus C",84 m²,3 vær.
1684834100-141,"8.599,- pr. mdr.","Paradisgade, Århus C",53 m²,1 vær.
1684834100-142,"6.695,- pr. mdr.","Egelunden Type G, Århus V",45 m²,2 vær.
1684834100-143,"14.060,- pr. mdr.","Tommy Seebachs Gade, Århus C",111 m²,4 vær.
1684834100-144,"8.975,- pr. mdr.","Engtoften, Viby J",79 m²,3 vær.
1684834100-145,"9.027,- pr. mdr.","Engtoften, Viby J",78 m²,3 vær.
1684834100-146,"12.600,- pr. mdr.","Kværnloftet, Risskov",114 m²,4 vær.
1684834100-147,"7.644,- pr. mdr.","Eya Jensens Gade, Risskov",60 m²,2 vær.
1684834100-148,"10.055,- pr. mdr.","Engtoften, Viby J",85 m²,3 vær.
1684834100-149,"9.969,- pr. mdr.","Eya Jensens Gade, Risskov",85 m²,4 vær.
1684834100-150,"10.500,- pr. mdr.","Engtoften, Viby J",77 m²,2 vær.
1684834100-151,"9.900,- pr. mdr.","Engtoften, Viby J",83 m²,3 vær.
1684834100-152,"4.900,- pr. mdr.","Christian X's Vej, Viby J",30 m²,1 vær.
1684834100-153,"9.300,- pr. mdr.","Lokesvej, Åbyhøj",73 m²,2 vær.
1684834100-154,"10.900,- pr. mdr.","Baldersgade, Åbyhøj",95 m²,3 vær.
1684834100-155,"10.490,- pr. mdr.","Broloftet, Risskov",92 m²,3 vær.
1684834100-156,"7.100,- pr. mdr.","Arresøvej, Risskov",51 m²,2 vær.
1684834100-157,"8.098,- pr. mdr.","Katrinebjergvej, Århus N",56 m²,1 vær.
1684834100-158,"9.112,- pr. mdr.","Engholms Alle, Risskov",89 m²,3 vær.
1684834100-159,"8.395,- pr. mdr.","Abildhaven, Lystrup",85 m²,3 vær.
1684834100-160,"8.395,- pr. mdr.","Abildhaven, Lystrup",84 m²,3 vær.
1684834100-161,"13.375,- pr. mdr.","Tove Ditlevsens Gade, Risskov",113 m²,4 vær.
1684834100-162,"12.000,- pr. mdr.","Borggade, Århus C",87 m²,1 vær.
1684834100-163,"11.296,- pr. mdr.","Katrinebjergvej, Århus N",86 m²,3 vær.
1684834100-164,"5.950,- pr. mdr.","Vestre Strandallé, Risskov",35 m²,1 vær.
1684834100-165,"7.700,- pr. mdr.","Ringen, Århus N",65 m²,2 vær.
1684834100-166,"9.000,- pr. mdr.","Stockholmsgade, Århus N",68 m²,2 vær.
1684834100-167,"6.500,- pr. mdr.","Ringen, Århus N",54 m²,1 vær.
1684834100-168,"7.195,- pr. mdr.","Arresøvej, Risskov",510 m²,2 vær.
1684834100-169,"14.695,- pr. mdr.","Kræsten Iversens Vej, Højbjerg",132 m²,4 vær.
1684834100-170,"11.851,- pr. mdr.","Katrinebjergvej, Århus N",77 m²,3 vær.
1684834100-171,"5.950,- pr. mdr.","Vestre Strandallé, Risskov",35 m²,1 vær.
1684834100-172,"8.200,- pr. mdr.","Bifrostgade, Åbyhøj",60 m²,1 vær.
1684834100-173,"5.495,- pr. mdr.","Kappelvænget, Århus V",530 m²,2 vær.
1684834100-174,"5.200,- pr. mdr.","Kongevellen, Risskov",34 m²,1 vær.
1684834100-175,"12.200,- pr. mdr.","Christian X´s Vej, Viby J",114 m²,4 vær.
1684834100-176,"6.650,- pr. mdr.","Vestre Strandallé, Risskov",37 m²,1 vær.
1684834100-177,"5.950,- pr. mdr.","Vestre Strandallé, Risskov",39 m²,1 vær.
1684834100-178,"9.775,- pr. mdr.","Holme Møllevej, Viby J",85 m²,3 vær.
1684834100-179,"10.995,- pr. mdr.","Holme Møllevej, Viby J",96 m²,4 vær.
1684834100-180,"7.500,- pr. mdr.","Kongevellen, Risskov",51 m²,2 vær.
1684834100-181,"9.842,- pr. mdr.","Christian X´s Vej, Viby J",90 m²,3 vær.
1684834100-182,"4.950,- pr. mdr.","Vestre Strandallé, Risskov",31 m²,1 vær.
1684834100-183,"10.371,- pr. mdr.","Broloftet, Risskov",93 m²,3 vær.
1684834100-184,"13.000,- pr. mdr.","Thit Jensens Gade, Århus C",115 m²,5 vær.
1684834100-185,"11.659,- pr. mdr.","Kildegården, Århus C",111 m²,4 vær.
1684834100-186,"6.900,- pr. mdr.","Vestre Strandallé, Risskov",48 m²,1 vær.
1684834100-187,"5.450,- pr. mdr.","Vestre Strandallé, Risskov",33 m²,1 vær.
1684834100-188,"7.300,- pr. mdr.","Kongevellen, Risskov",51 m²,2 vær.
1684834100-189,"8.395,- pr. mdr.","Abildhaven, Lystrup",85 m²,3 vær.
1684834100-190,"11.418,- pr. mdr.","Strandparken, Århus C",107 m²,4 vær.
1684834100-191,"5.950,- pr. mdr.","Vestre Strandallé, Risskov",41 m²,1 vær.
1684834100-192,"9.700,- pr. mdr.","Amaliegade, Århus C",103 m²,2 vær.
1684834100-193,"16.068,- pr. mdr.","Rosenkrantzgade, Århus C",155 m²,4 vær.
1684834100-194,"11.250,- pr. mdr.","Olof Palmes Allé, Århus N",103 m²,4 vær.
1684834100-195,"10.295,- pr. mdr.","Vesterbrogade, Århus C",74 m²,3 vær.
1684834100-196,"16.900,- pr. mdr.","Peter Sabroes Gade, Århus C",110 m²,5 vær.
1684834100-197,"11.200,- pr. mdr.","Engtoften, Viby J",100 m²,3 vær.
1684834100-198,"12.195,- pr. mdr.","Otte Ruds Gade, Århus N",103 m²,4 vær.
1684834100-199,"7.500,- pr. mdr.","Kongevellen, Risskov",52 m²,2 vær.
1684834100-200,"12.115,- pr. mdr.","Christian X's Vej, Viby J",112 m²,4 vær.
1684834100-201,"8.395,- pr. mdr.","Abildhaven, Lystrup",84 m²,3 vær.
1684834100-202,"9.700,- pr. mdr.","Broloftet, Risskov",82 m²,3 vær.
1684834100-203,"9.250,- pr. mdr.","Bifrostgade, Åbyhøj",73 m²,1 vær.
1684834100-204,"9.400,- pr. mdr.","Guldsmedgade, Århus C",66 m²,2 vær.
1684834100-205,"8.609,- pr. mdr.","Kværnloftet, Risskov",69 m²,2 vær.
1684834100-206,"6.350,- pr. mdr.","Vestre Strandallé, Risskov",35 m²,1 vær.
1684834100-207,"7.400,- pr. mdr.","Arresøvej, Risskov",50 m²,2 vær.
1684834100-208,"9.996,- pr. mdr.","Eya Jensens Gade, Risskov",85 m²,4 vær.
1684834100-209,"8.395,- pr. mdr.","Abildhaven, Lystrup",84 m²,3 vær.
1684834100-210,"6.150,- pr. mdr.","Vestre Strandallé, Risskov",41 m²,1 vær.
1684834100-211,"7.100,- pr. mdr.","Kongevellen, Risskov",52 m²,2 vær.
1684834100-212,"5.495,- pr. mdr.","Kappelvænget, Århus V",480 m²,2 vær.
1684834100-213,"9.995,- pr. mdr.","Paludan Müllers Vej, Århus V",109 m²,4 vær.
1684834100-214,"9.800,- pr. mdr.","Engtoften, Viby J",85 m²,3 vær.
1684834100-215,"6.500,- pr. mdr.","Nordlandsvej, Risskov",50 m²,2 vær.
1684834100-216,"9.975,- pr. mdr.","Arresøvej, Risskov",78 m²,3 vær.
1684834100-217,"6.975,- pr. mdr.","Arresøvej, Risskov",51 m²,2 vær.
1684834100-218,"9.600,- pr. mdr.","Borggade, Århus C",61 m²,2 vær.
1684834100-219,"5.295,- pr. mdr.","Vestergårdsvej, Viby J",33 m²,1 vær.
1684834100-220,"13.150,- pr. mdr.","Lokesvej, Åbyhøj",113 m²,3 vær.
1684834100-221,"5.300,- pr. mdr.","Christian X's Vej, Viby J",29 m²,1 vær.
1684834100-222,"5.750,- pr. mdr.","Vestre Strandallé, Risskov",35 m²,1 vær.
1684834100-223,"10.300,- pr. mdr.","Kværnloftet, Risskov",100 m²,3 vær.
1684834100-224,"5.100,- pr. mdr.","Christian X's Vej, Viby J",29 m²,1 vær.
1684834100-225,"9.600,- pr. mdr.","Kongevellen, Risskov",68 m²,2 vær.
1684834100-226,"9.475,- pr. mdr.","Ceresbyen, Århus C",61 m²,2 vær.
1684834100-227,"7.300,- pr. mdr.","Jens Baggesens Vej, Århus N",48 m²,2 vær.
1684834100-228,"9.400,- pr. mdr.","Nørre Alle, Århus C",94 m²,2 vær.
1684834100-229,"9.400,- pr. mdr.","Trøjborgvej, Århus N",67 m²,3 vær.
1684834100-230,"6.975,- pr. mdr.","Arresøvej, Risskov",51 m²,2 vær.
1684834100-231,"7.300,- pr. mdr.","Arresøvej, Risskov",51 m²,2 vær.
1684834100-232,"7.300,- pr. mdr.","Arresøvej, Risskov",51 m²,2 vær.
1684834100-233,"6.500,- pr. mdr.","Damagervej, Viby J",55 m²,2 vær.
1684834100-234,"6.350,- pr. mdr.","Vestre Strandallé, Risskov",40 m²,1 vær.
1684834100-235,"6.150,- pr. mdr.","Vestre Strandallé, Risskov",35 m²,1 vær.
1684834100-236,"8.800,- pr. mdr.","marstrandsgade, Århus C",70 m²,2 vær.
1684834100-237,"5.950,- pr. mdr.","Vestre Strandallé, Risskov",41 m²,1 vær.
1684834100-238,"14.742,- pr. mdr.","Solbakken, Risskov",105 m²,4 vær.
1684834100-239,"6.500,- pr. mdr.","Trøjborgvej, Århus N",36 m²,1 vær.
1684834100-240,"7.200,- pr. mdr.","Kongevellen, Risskov",50 m²,2 vær.
1684834100-241,"11.900,- pr. mdr.","Thit Jensens Gade, Århus C",107 m²,4 vær.
1684834100-242,"11.092,- pr. mdr.","Sandbakken, Højbjerg",110 m²,4 vær.
1684834100-243,"8.395,- pr. mdr.","Abildhaven, Lystrup",84 m²,3 vær.
1684834100-244,"8.500,- pr. mdr.","Finderupvej, Århus C",61 m²,2 vær.
1684834100-245,"20.475,- pr. mdr.","Østre Skovvej, Risskov",182 m²,5 vær.
1684834100-246,"9.995,- pr. mdr.","Holme Møllevej, Viby J",87 m²,3 vær.
1684834100-247,"15.750,- pr. mdr.","Thit Jensens Gade, Århus C",140 m²,5 vær.
1684834100-248,"14.995,- pr. mdr.","Emiliedalsvej, Højbjerg",122 m²,4 vær.
1684834100-249,"8.395,- pr. mdr.","Abildhaven, Lystrup",84 m²,3 vær.
1684834100-250,"5.950,- pr. mdr.","Vestre Strandallé, Risskov",35 m²,1 vær.
1684834100-251,"5.950,- pr. mdr.","Vestre Strandallé, Risskov",38 m²,1 vær.
1684834100-252,"10.800,- pr. mdr.","Thorvaldsensgade, Århus C",71 m²,3 vær.
1684834100-253,"6.995,- pr. mdr.","Engtoften, Viby J",56 m²,2 vær.
1684834100-254,"8.150,- pr. mdr.","Rundhøj Allé , Højbjerg",67 m²,3 vær.
1684834100-255,"8.500,- pr. mdr.","Vesterport, Århus C",70 m²,2 vær.
1684834100-256,"11.900,- pr. mdr.","Chr. Værums Gade, Århus C",98 m²,1 vær.
1684834100-257,"7.500,- pr. mdr.","Arresøvej, Risskov",51 m²,2 vær.
1684834100-258,"6.975,- pr. mdr.","Arresøvej, Risskov",51 m²,2 vær.
1684834100-259,"7.100,- pr. mdr.","Arresøvej, Risskov",51 m²,2 vær.
1684834100-260,"5.750,- pr. mdr.","Vestre Strandallé, Risskov",41 m²,1 vær.
1684834100-261,"4.950,- pr. mdr.","Vestre Strandallé, Risskov",33 m²,1 vær.
1684834100-262,"10.900,- pr. mdr.","Vindrosen, Risskov",94 m²,2 vær.
1684834100-263,"6.150,- pr. mdr.","Vestre Strandallé, Risskov",38 m²,1 vær.
1684834100-264,"5.950,- pr. mdr.","Vestre Strandallé, Risskov",39 m²,1 vær.
1684834100-265,"5.950,- pr. mdr.","Vestre Strandallé, Risskov",36 m²,1 vær.
1684834100-266,"6.800,- pr. mdr.","Engkrogen, Viby J",48 m²,2 vær.
1684834100-267,"6.350,- pr. mdr.","Vestre Strandallé, Risskov",39 m²,1 vær.
1684834100-268,"9.542,- pr. mdr.","Olof Palmes Allé, Århus N",84 m²,3 vær.
1684834100-269,"7.751,- pr. mdr.","Eya Jensens Gade, Risskov",61 m²,3 vær.
1684834100-270,"15.950,- pr. mdr.","Thit Jensens Gade, Århus C",140 m²,5 vær.
1684834100-271,"7.580,- pr. mdr.","Skanderborgvej, Århus C",72 m²,2 vær.
1684834100-272,"10.500,- pr. mdr.","Kongevellen, Risskov",75 m²,3 vær.
1684834100-273,"9.300,- pr. mdr.","Engtoften, Viby J",76 m²,2 vær.
1684834100-274,"9.800,- pr. mdr.","Kværnloftet, Risskov",82 m²,3 vær.
1684834100-275,"10.337,- pr. mdr.","Skanderborgvej, Århus C",95 m²,4 vær.
1684834100-276,"7.500,- pr. mdr.","Arresøvej, Risskov",51 m²,2 vær.
1684834100-277,"8.600,- pr. mdr.","Arresøvej, Risskov",75 m²,3 vær.
1684834100-278,"6.700,- pr. mdr.","Vester Allé, Århus C",50 m²,1 vær.
1684834100-279,"10.800,- pr. mdr.","Broloftet, Risskov",93 m²,3 vær.
1684834100-280,"9.995,- pr. mdr.","Kristine Nielsens Gade, Århus C",65 m²,1 vær.
1684834100-281,"6.650,- pr. mdr.","Vestre Strandallé, Risskov",48 m²,1 vær.
1684834100-282,"10.400,- pr. mdr.","Kongevellen, Risskov",75 m²,3 vær.
1684834100-283,"9.500,- pr. mdr.","Thorvaldsensgade, Århus C",67 m²,2 vær.
1684834100-284,"12.495,- pr. mdr.","Telefonsmøgen, Århus C",87 m²,3 vær.
1684834100-285,"9.595,- pr. mdr.","Forteledet, Risskov",77 m²,3 vær.
1684834100-286,"12.750,- pr. mdr.","Forteledet, Risskov",103 m²,4 vær.
1684834100-287,"7.495,- pr. mdr.","Borresøvej, Risskov",58 m²,2 vær.
1684834100-288,"11.395,- pr. mdr.","Viby Torv, Viby J",101 m²,4 vær.
1684834100-289,"8.795,- pr. mdr.","Viby Torv, Viby J",77 m²,2 vær.
1684834100-290,"5.595,- pr. mdr.","Møllevangen, Tranbjerg J",470 m²,2 vær.
1684834100-291,"9.800,- pr. mdr.","Christian X's Vej, Viby J",88 m²,3 vær.
1684834100-292,"7.995,- pr. mdr.","Møllehatten, Risskov",62 m²,2 vær.
1684834100-293,"7.995,- pr. mdr.","Møllehatten, Risskov",59 m²,2 vær.
1684834100-294,"7.895,- pr. mdr.","Møllehatten, Risskov",64 m²,2 vær.
1684834100-295,"8.495,- pr. mdr.","Møllehatten, Risskov",62 m²,2 vær.
1684834100-296,"10.495,- pr. mdr.","Grete Løchtes Gade, Århus C",68 m²,3 vær.
1684834100-297,"7.500,- pr. mdr.","Arresøvej, Risskov",54 m²,2 vær.
1684834100-298,"7.500,- pr. mdr.","Kongevellen, Risskov",50 m²,2 vær.
1684834100-299,"7.400,- pr. mdr.","Kongevellen, Risskov",50 m²,2 vær.
1684834100-300,"5.900,- pr. mdr.","Kongevellen, Risskov",34 m²,1 vær.
1684834100-301,"9.050,- pr. mdr.","Dannebrogsgade, Århus C",69 m²,2 vær.
1684834100-302,"9.195,- pr. mdr.","Borresøvej, Risskov",88 m²,3 vær.
1684834100-303,"7.950,- pr. mdr.","Arresøvej, Risskov",69 m²,3 vær.
1684834100-304,"9.200,- pr. mdr.","Sonnesgade, Århus C",59 m²,2 vær.
1684834100-305,"7.900,- pr. mdr.","Kongevellen, Risskov",57 m²,2 vær.
1684834100-306,"12.960,- pr. mdr.","Tommy Seebachs Gade, Århus C",112 m²,3 vær.
1684834100-307,"11.225,- pr. mdr.","Ceresbyen, Århus C",76 m²,2 vær.
1684834100-308,"9.800,- pr. mdr.","Trøjborgvej, Århus N",64 m²,3 vær.
1684834100-309,"7.995,- pr. mdr.","Møllehatten, Risskov",64 m²,2 vær.
1684834100-310,"14.825,- pr. mdr.","Søren Frichs Vej, Århus C",99 m²,4 vær.
1684834100-311,"15.600,- pr. mdr.","Guldsmedgade, Århus C",129 m²,3 vær.
1684834100-312,"11.840,- pr. mdr.","John Mogensens Gade, Århus C",82 m²,3 vær.
1684834100-313,"12.200,- pr. mdr.","Dagmar Petersens Gade, Århus C",80 m²,2 vær.
1684834100-314,"5.400,- pr. mdr.","Kongevellen, Risskov",34 m²,1 vær.
1684834100-315,"7.895,- pr. mdr.","Møllehatten, Risskov",64 m²,2 vær.
1684834100-316,"11.380,- pr. mdr.","Helle Virkners Plads, Århus C",84 m²,3 vær.
1684834100-317,"7.300,- pr. mdr.","Kongevellen, Risskov",52 m²,2 vær.
1684834100-318,"12.900,- pr. mdr.","Ryhavevej, Århus V",118 m²,4 vær.
1684834100-319,"7.500,- pr. mdr.","Arresøvej, Risskov",51 m²,2 vær.
1684834100-320,"7.500,- pr. mdr.","Kongevellen, Risskov",48 m²,2 vær.
1684834100-321,"7.400,- pr. mdr.","Kongevellen, Risskov",48 m²,2 vær.
1684834100-322,"9.195,- pr. mdr.","Guldsmedgade, Århus C",64 m²,2 vær.
1684834100-323,"8.595,- pr. mdr.","Møllehatten, Risskov",62 m²,2 vær.
1684834100-324,"8.300,- pr. mdr.","Kongevellen, Risskov",64 m²,3 vær.
1684834100-325,"8.395,- pr. mdr.","Møllehatten, Risskov",65 m²,2 vær.
1684834100-326,"9.900,- pr. mdr.","Trøjborgvej, Århus N",65 m²,3 vær.
1684834100-327,"10.190,- pr. mdr.","Rødbedevej, Århus N",88 m²,4 vær.
1684834100-328,"14.180,- pr. mdr.","Tommy Seebachs Gade, Århus C",113 m²,4 vær.
1684834100-329,"8.300,- pr. mdr.","Arresøvej, Risskov",64 m²,3 vær.
1684834100-330,"11.570,- pr. mdr.","Helle Virkners Plads, Århus C",83 m²,3 vær.
1684834100-331,"6.995,- pr. mdr.","Engtoften, Viby J",56 m²,2 vær.
1684834100-332,"5.900,- pr. mdr.","Kongevellen, Risskov",37 m²,1 vær.
1684834100-333,"9.200,- pr. mdr.","Klokkerbakken, Århus V",72 m²,3 vær.
1684834100-334,"9.295,- pr. mdr.","Borresøvej, Risskov",93 m²,3 vær.
1684834100-335,"7.500,- pr. mdr.","Arresøvej, Risskov",54 m²,2 vær.
1684834100-336,"11.100,- pr. mdr.","Sifsgade, Åbyhøj",88 m²,4 vær.
1684834100-337,"10.458,- pr. mdr.","Engholms Alle, Risskov",89 m²,3 vær.
1684834100-338,"18.300,- pr. mdr.","Kristine Nielsens Gade, Århus C",98 m²,2 vær.
1684834100-339,"10.970,- pr. mdr.","Helle Virkners Plads, Århus C",82 m²,3 vær.
1684834100-340,"8.095,- pr. mdr.","Møllehatten, Risskov",67 m²,2 vær.
1684834100-341,"9.300,- pr. mdr.","Kongevellen, Risskov",68 m²,3 vær.
1684834100-342,"5.950,- pr. mdr.","Søren Frichs Vej, Åbyhøj",34 m²,1 vær.
1684834100-343,"14.970,- pr. mdr.","John Mogensens Gade, Århus C",119 m²,4 vær.
1684834100-344,"7.200,- pr. mdr.","Kongevellen, Risskov",52 m²,2 vær.
1684834100-345,"8.300,- pr. mdr.","Arresøvej, Risskov",65 m²,3 vær.
1684834100-346,"10.970,- pr. mdr.","Tommy Seebachs Gade, Århus C",81 m²,3 vær.
1684834100-347,"6.750,- pr. mdr.","Nordlandsvej, Risskov",470 m²,2 vær.
1684834100-348,"12.600,- pr. mdr.","Kværnloftet, Risskov",114 m²,4 vær.
1684834100-349,"8.950,- pr. mdr.","Engtoften, Viby J",76 m²,3 vær.
1684834100-350,"9.880,- pr. mdr.","Lokesvej, Åbyhøj",78 m²,2 vær.
1684834100-351,"9.300,- pr. mdr.","Fiskergade, Århus C",69 m²,2 vær.
1684834100-352,"9.200,- pr. mdr.","Peter Sabroes Gade, Århus C",64 m²,2 vær.
1684834100-353,"7.500,- pr. mdr.","Arresøvej, Risskov",51 m²,2 vær.
1684834100-354,"7.300,- pr. mdr.","Kongevellen, Risskov",49 m²,2 vær.
1684834100-355,"13.800,- pr. mdr.","Sonnesgade, Århus C",86 m²,4 vær.
1684834100-356,"8.395,- pr. mdr.","Møllehatten, Risskov",65 m²,2 vær.
1684834100-357,"9.795,- pr. mdr.","Møllehatten, Risskov",97 m²,3 vær.
1684834100-358,"7.600,- pr. mdr.","Kongevellen, Risskov",52 m²,2 vær.
1684834100-359,"15.350,- pr. mdr.","Sonnesgade, Århus C",106 m²,4 vær.
1684834100-360,"7.400,- pr. mdr.","Kongevellen, Risskov",52 m²,2 vær.
1684834100-361,"5.500,- pr. mdr.","Kongevellen, Risskov",34 m²,1 vær.
1684834100-362,"9.400,- pr. mdr.","Kongevellen, Risskov",68 m²,3 vær.
1684834100-363,"14.960,- pr. mdr.","Helle Virkners Plads, Århus C",120 m²,4 vær.
1684834100-364,"14.620,- pr. mdr.","Tommy Seebachs Gade, Århus C",118 m²,4 vær.
1684834100-365,"8.400,- pr. mdr.","Lokesvej, Åbyhøj",62 m²,2 vær.
1684834100-366,"6.695,- pr. mdr.","Vintervej, Århus V",52 m²,2 vær.
1684834100-367,"8.395,- pr. mdr.","Møllehatten, Risskov",68 m²,2 vær.
1684834100-368,"13.995,- pr. mdr.","Kristine Nielsens Gade, Århus C",93 m²,2 vær.
1684834100-369,"10.295,- pr. mdr.","Møllehatten, Risskov",97 m²,3 vær.
1684834100-370,"7.200,- pr. mdr.","Kongevellen, Risskov",46 m²,2 vær.
1684834100-371,"7.600,- pr. mdr.","Vesterport, Århus C",53 m²,1 vær.
1684834100-372,"8.600,- pr. mdr.","Lokesvej, Åbyhøj",61 m²,2 vær.
1684834100-373,"8.500,- pr. mdr.","Kongevellen, Risskov",64 m²,3 vær.
1684834100-374,"8.800,- pr. mdr.","Kværnloftet, Risskov",78 m²,2 vær.
1684834100-375,"8.300,- pr. mdr.","Arresøvej, Risskov",65 m²,3 vær.
1684834100-376,"7.595,- pr. mdr.","Møllehatten, Risskov",50 m²,2 vær.
1684834100-377,"5.950,- pr. mdr.","Søren Frichs Vej, Åbyhøj",34 m²,1 vær.
1684834100-378,"7.500,- pr. mdr.","Arresøvej, Risskov",54 m²,2 vær.
1684834100-379,"13.560,- pr. mdr.","Tommy Seebachs Gade, Århus C",97 m²,4 vær.
1684834100-380,"7.300,- pr. mdr.","Kongevellen, Risskov",50 m²,2 vær.
1684834100-381,"12.180,- pr. mdr.","John Mogensens Gade, Århus C",86 m²,3 vær.
1684834100-382,"6.700,- pr. mdr.","Kongevellen, Risskov",43 m²,2 vær.
1684834100-383,"10.300,- pr. mdr.","Peter Sabroes Gade, Århus C",64 m²,2 vær.
1684834100-384,"8.500,- pr. mdr.","Lokesvej, Åbyhøj",62 m²,2 vær.
1684834100-385,"7.600,- pr. mdr.","Kongevellen, Risskov",51 m²,2 vær.
1684834100-386,"8.235,- pr. mdr.","Dagmar Hansens Gade, Risskov",62 m²,3 vær.
1684834100-387,"10.600,- pr. mdr.","Klokkerbakken, Århus V",98 m²,2 vær.
1684834100-388,"7.400,- pr. mdr.","Kongevellen, Risskov",50 m²,2 vær.
1684834100-389,"5.500,- pr. mdr.","Kongevellen, Risskov",34 m²,1 vær.
1684834100-390,"14.630,- pr. mdr.","Tommy Seebachs Gade, Århus C",117 m²,4 vær.
1684834100-391,"8.600,- pr. mdr.","Kongevellen, Risskov",64 m²,3 vær.
1684834100-392,"7.300,- pr. mdr.","Arresøvej, Risskov",53 m²,2 vær.
1684834100-393,"12.050,- pr. mdr.","Fiskergade, Århus C",86 m²,3 vær.
1684834100-394,"15.700,- pr. mdr.","Bestlasgade, Åbyhøj",131 m²,4 vær.
1684834100-395,"8.800,- pr. mdr.","Arresøvej, Risskov",68 m²,3 vær.
1684834100-396,"14.975,- pr. mdr.","Ryesgade, Århus C",133 m²,4 vær.
1684834100-397,"12.130,- pr. mdr.","John Mogensens Gade, Århus C",85 m²,3 vær.
1684834100-398,"8.300,- pr. mdr.","Arresøvej, Risskov",68 m²,3 vær.
1684834100-399,"10.695,- pr. mdr.","Ellen Jensens Gade, Risskov",91 m²,3 vær.
1684834100-400,"5.950,- pr. mdr.","Søren Frichs Vej, Åbyhøj",34 m²,1 vær.
1684834100-401,"10.371,- pr. mdr.","Broloftet, Risskov",93 m²,3 vær.
1684834100-402,"9.500,- pr. mdr.","Kongevellen, Risskov",68 m²,2 vær.
1684834100-403,"13.400,- pr. mdr.","Tommy Seebachs Gade, Århus C",97 m²,4 vær.
1684834100-404,"7.200,- pr. mdr.","Kongevellen, Risskov",48 m²,2 vær.
1684834100-405,"13.350,- pr. mdr.","Søren Frichs Vej, Århus C",87 m²,3 vær.
1684834100-406,"9.464,- pr. mdr.","Bifrostgade, Åbyhøj",71 m²,2 vær.
1684834100-407,"14.720,- pr. mdr.","Tommy Seebachs Gade, Århus C",117 m²,4 vær.
1684834100-408,"7.995,- pr. mdr.","Møllehatten, Risskov",65 m²,2 vær.
1684834100-409,"6.700,- pr. mdr.","Kongevellen, Risskov",44 m²,2 vær.
1684834100-410,"8.700,- pr. mdr.","Kongevellen, Risskov",64 m²,3 vær.
1684834100-411,"9.100,- pr. mdr.","Hammershusvej, Århus V",97 m²,3 vær.
1684834100-412,"11.450,- pr. mdr.","Søren Frichs Vej, Åbyhøj",105 m²,4 vær.
1684834100-413,"7.150,- pr. mdr.","Paradisgade, Århus C",41 m²,1 vær.
1684834100-414,"9.195,- pr. mdr.","Borresøvej, Risskov",94 m²,3 vær.
1684834100-415,"11.930,- pr. mdr.","John Mogensens Gade, Århus C",84 m²,3 vær.
1684834100-416,"8.300,- pr. mdr.","Arresøvej, Risskov",68 m²,3 vær.
1684834100-417,"14.900,- pr. mdr.","Østergade, Århus C",106 m²,4 vær.
1684834100-418,"8.950,- pr. mdr.","Dagmar Hansens Gade, Risskov",77 m²,3 vær.
1684834100-419,"7.995,- pr. mdr.","Doris Kæraas Gade, Risskov",62 m²,3 vær.
1684834100-420,"9.500,- pr. mdr.","Vesterport, Århus C",82 m²,2 vær.
1684834100-421,"5.600,- pr. mdr.","Kongevellen, Risskov",34 m²,1 vær.
1684834100-422,"7.695,- pr. mdr.","Borresøvej, Åbyhøj",550 m²,2 vær.
1684834100-423,"14.590,- pr. mdr.","Tommy Seebachs Gade, Århus C",102 m²,4 vær.
1684834100-424,"11.995,- pr. mdr.","Emiliedalen, Højbjerg",104 m²,3 vær.
1684834100-425,"9.100,- pr. mdr.","Kongevellen, Risskov",64 m²,3 vær.
1684834100-426,"7.300,- pr. mdr.","Kongevellen, Risskov",48 m²,2 vær.
1684834100-427,"11.860,- pr. mdr.","Tommy Seebachs Gade, Århus C",84 m²,3 vær.
1684834100-428,"5.950,- pr. mdr.","Søren Frichs Vej, Åbyhøj",34 m²,1 vær.
1684834100-429,"8.095,- pr. mdr.","Møllehatten, Risskov",69 m²,2 vær.
1684834100-430,"7.600,- pr. mdr.","Kongevellen, Risskov",50 m²,2 vær.
1684834100-431,"9.500,- pr. mdr.","Kongevellen, Risskov",68 m²,3 vær.
1684834100-432,"10.595,- pr. mdr.","Ellen Jensens Gade, Risskov",88 m²,3 vær.
1684834100-433,"7.400,- pr. mdr.","Kongevellen, Risskov",50 m²,2 vær.
1684834100-434,"15.180,- pr. mdr.","Sonnesgade, Århus C",114 m²,4 vær.
1684834100-435,"11.930,- pr. mdr.","John Mogensens Gade, Århus C",84 m²,3 vær.
1684834100-436,"8.800,- pr. mdr.","Kongevellen, Risskov",64 m²,3 vær.
1684834100-437,"13.148,- pr. mdr.","Vesterbro Torv, Århus C",101 m²,3 vær.
1684834100-438,"6.900,- pr. mdr.","Borresøvej, Risskov",55 m²,2 vær.
1684834100-439,"10.800,- pr. mdr.","Thorvaldsensgade, Århus C",66 m²,3 vær.
1684834100-440,"8.300,- pr. mdr.","Arresøvej, Risskov",69 m²,3 vær.
1684834100-441,"8.150,- pr. mdr.","Lilli Andersens Gade, Risskov",62 m²,3 vær.
1684834100-442,"12.995,- pr. mdr.","Sonnesgade, Århus C",85 m²,4 vær.
1684834100-443,"6.770,- pr. mdr.","Nordlandsvej, Risskov",53 m²,2 vær.
1684834100-444,"13.720,- pr. mdr.","Tommy Seebachs Gade, Århus C",97 m²,4 vær.
1684834100-445,"7.495,- pr. mdr.","Borresøvej, Risskov",58 m²,2 vær.
1684834100-446,"5.895,- pr. mdr.","Oddervej, Højbjerg",45 m²,1 vær.
1684834100-447,"7.300,- pr. mdr.","Kongevellen, Risskov",50 m²,2 vær.
1684834100-448,"14.210,- pr. mdr.","John Mogensens Gade, Århus C",110 m²,4 vær.
1684834100-449,"7.600,- pr. mdr.","Kongevellen, Risskov",50 m²,2 vær.
1684834100-450,"6.900,- pr. mdr.","Kongevellen, Risskov",46 m²,2 vær.
1684834100-451,"9.495,- pr. mdr.","Dirch Passers Gade, Århus C",61 m²,2 vær.
1684834100-452,"12.595,- pr. mdr.","Sonnesgade, Århus C",85 m²,4 vær.
1684834100-453,"11.980,- pr. mdr.","Tommy Seebachs Gade, Århus C",85 m²,3 vær.
1684834100-454,"7.500,- pr. mdr.","Kongevellen, Risskov",50 m²,2 vær.
1684834100-455,"7.100,- pr. mdr.","Doris Kæraas Gade, Risskov",54 m²,2 vær.
1684834100-456,"7.500,- pr. mdr.","Kongevellen, Risskov",49 m²,2 vær.
1684834100-457,"8.300,- pr. mdr.","Arresøvej, Risskov",65 m²,3 vær.
1684834100-458,"11.000,- pr. mdr.","Dagmar Petersens Gade, Århus C",71 m²,2 vær.
1684834100-459,"9.395,- pr. mdr.","Borresøvej, Risskov",88 m²,3 vær.
1684834100-460,"5.950,- pr. mdr.","Søren Frichs Vej, Åbyhøj",34 m²,1 vær.
1684834100-461,"6.500,- pr. mdr.","Ringen, Århus N",57 m²,1 vær.
1684834100-462,"11.700,- pr. mdr.","Dagmar Petersens Gade, Århus C",74 m²,2 vær.
1684834100-463,"11.500,- pr. mdr.","Strandparken, Århus C",74 m²,1 vær.
1684834100-464,"8.895,- pr. mdr.","Paludan Müllers Vej, Århus V",81 m²,2 vær.
1684834100-465,"9.900,- pr. mdr.","Vesterport, Århus C",72 m²,3 vær.
1684834100-466,"6.750,- pr. mdr.","Engtoften, Viby J",52 m²,2 vær.
1684834100-467,"14.620,- pr. mdr.","John Mogensens Gade, Århus C",118 m²,4 vær.
1684834100-468,"9.500,- pr. mdr.","Sonnesgade, Århus C",59 m²,2 vær.
1684834100-469,"7.200,- pr. mdr.","Kongevellen, Risskov",50 m²,2 vær.
1684834100-470,"10.600,- pr. mdr.","Ceresbyen, Århus C",72 m²,2 vær.
1684834100-471,"12.500,- pr. mdr.","Kværnloftet, Risskov",116 m²,3 vær.
1684834100-472,"12.110,- pr. mdr.","Tommy Seebachs Gade, Århus C",86 m²,3 vær.
1684834100-473,"7.100,- pr. mdr.","Kongevellen, Risskov",49 m²,2 vær.
1684834100-474,"13.900,- pr. mdr.","Kirkegårdsvej, Århus C",91 m²,2 vær.
1684834100-475,"9.600,- pr. mdr.","Kongevellen, Risskov",68 m²,3 vær.
1684834100-476,"8.900,- pr. mdr.","Kongevellen, Risskov",64 m²,2 vær.
1684834100-477,"9.395,- pr. mdr.","Søren Frichs Vej, Århus C",68 m²,2 vær.
1684834100-478,"6.775,- pr. mdr.","Nordlandsvej, Risskov",53 m²,2 vær.
1684834100-479,"5.950,- pr. mdr.","Søren Frichs Vej, Åbyhøj",34 m²,1 vær.
1684834100-480,"9.795,- pr. mdr.","Tove Ditlevsens Gade, Risskov",93 m²,4 vær.
1684834100-481,"5.700,- pr. mdr.","Kongevellen, Risskov",34 m²,1 vær.
1684834100-482,"10.250,- pr. mdr.","Grete Løchtes Gade, Århus C",66 m²,3 vær.
1684834100-483,"8.695,- pr. mdr.","Oddervej, Højbjerg",69 m²,2 vær.
1684834100-484,"9.600,- pr. mdr.","Ceresbyen, Århus C",65 m²,2 vær.
1684834100-485,"10.600,- pr. mdr.","Thorvaldsensgade, Århus C",66 m²,3 vær.
1684834100-486,"11.950,- pr. mdr.","Fiskergade, Århus C",86 m²,3 vær.
1684834100-487,"9.672,- pr. mdr.","Bifrostgade, Åbyhøj",71 m²,3 vær.
1684834100-488,"15.500,- pr. mdr.","Thit Jensens Gade, Århus C",111 m²,5 vær.
1684834100-489,"14.280,- pr. mdr.","John Mogensens Gade, Århus C",113 m²,4 vær.
1684834100-490,"9.214,- pr. mdr.","Østergade, Århus C",56 m²,3 vær.
1684834100-491,"13.270,- pr. mdr.","Tommy Seebachs Gade, Århus C",96 m²,4 vær.
1684834100-492,"14.550,- pr. mdr.","Gustav Holms Vej, Århus N",128 m²,4 vær.
1684834100-493,"11.200,- pr. mdr.","Broloftet, Risskov",99 m²,4 vær.
1684834100-494,"5.100,- pr. mdr.","Christian X's Vej, Viby J",27 m²,1 vær.
1684834100-495,"10.600,- pr. mdr.","Thorvaldsensgade, Århus C",66 m²,3 vær.
1684834100-496,"8.800,- pr. mdr.","Vikærsvej, Risskov",80 m²,3 vær.
1684834100-497,"7.200,- pr. mdr.","Kongevellen, Risskov",49 m²,2 vær.
1684834100-498,"12.792,- pr. mdr.","Bestlasgade, Åbyhøj",101 m²,4 vær.
1684834100-499,"7.600,- pr. mdr.","Kongevellen, Risskov",50 m²,2 vær.
1684834100-500,"8.095,- pr. mdr.","Møllehatten, Risskov",67 m²,2 vær.
1684834100-501,"8.495,- pr. mdr.","Søren Frichs Vej, Århus C",57 m²,2 vær.
1684834100-502,"9.000,- pr. mdr.","Kongevellen, Risskov",64 m²,3 vær.
1684834100-503,"13.550,- pr. mdr.","Sonnesgade, Århus C",87 m²,4 vær.
1684834100-504,"7.100,- pr. mdr.","Arresøvej, Risskov",54 m²,2 vær.
1684834100-505,"15.250,- pr. mdr.","Sonnesgade, Århus C",114 m²,4 vær.
1684834100-506,"7.300,- pr. mdr.","Kongevellen, Risskov",50 m²,2 vær.
1684834100-507,"9.360,- pr. mdr.","Bifrostgade, Åbyhøj",71 m²,2 vær.
1684834100-508,"8.595,- pr. mdr.","Møllehatten, Risskov",62 m²,2 vær.
1684834100-509,"15.500,- pr. mdr.","Thomas Koppels Gade, Århus C",119 m²,4 vær.
1684834100-510,"10.700,- pr. mdr.","Thorvaldsensgade, Århus C",66 m²,3 vær.
1684834100-511,"5.700,- pr. mdr.","Kongevellen, Risskov",34 m²,1 vær.
1684834100-512,"7.400,- pr. mdr.","Kongevellen, Risskov",46 m²,2 vær.
1684834100-513,"7.500,- pr. mdr.","Kongevellen, Risskov",49 m²,2 vær.
1684834100-514,"18.500,- pr. mdr.","Dagmar Petersens Gade, Århus C",95 m²,2 vær.
1684834100-515,"13.190,- pr. mdr.","Tommy Seebachs Gade, Århus C",96 m²,4 vær.
1684834100-516,"9.100,- pr. mdr.","Vikærsvej, Risskov",73 m²,3 vær.
1684834100-517,"5.950,- pr. mdr.","Søren Frichs Vej, Åbyhøj",34 m²,1 vær.
1684834100-518,"9.395,- pr. mdr.","Østergade, Århus C",56 m²,2 vær.
1684834100-519,"7.700,- pr. mdr.","Kongevellen, Risskov",52 m²,2 vær.
1684834100-520,"14.840,- pr. mdr.","Tommy Seebachs Gade, Århus C",119 m²,4 vær.
1684834100-521,"5.100,- pr. mdr.","Christian X's Vej, Viby J",30 m²,1 vær.
1684834100-522,"10.995,- pr. mdr.","Møllehatten, Risskov",85 m²,4 vær.
1684834100-523,"13.300,- pr. mdr.","Sonnesgade, Århus C",86 m²,4 vær.
1684834100-524,"11.550,- pr. mdr.","Thomas Koppels Gade, Århus C",94 m²,3 vær.
1684834100-525,"13.295,- pr. mdr.","Sdr. Ringgade, Århus C",98 m²,3 vær.
1684834100-526,"7.400,- pr. mdr.","Kongevellen, Risskov",52 m²,2 vær.
1684834100-527,"8.185,- pr. mdr.","Brassøvej, Risskov",67 m²,3 vær.
1684834100-528,"13.240,- pr. mdr.","Thomas Koppels Gade, Århus C",96 m²,4 vær.
1684834100-529,"4.875,- pr. mdr.","Emiliedalsvej, Højbjerg",38 m²,1 vær.
1684834100-530,"8.095,- pr. mdr.","Møllehatten, Risskov",68 m²,2 vær.
1684834100-531,"13.800,- pr. mdr.","Sonnesgade, Århus C",86 m²,4 vær.
1684834100-532,"13.231,- pr. mdr.","Sifsgade, Åbyhøj",112 m²,4 vær.
1684834100-533,"8.200,- pr. mdr.","Lokesvej, Åbyhøj",53 m²,2 vær.
1684834100-534,"7.500,- pr. mdr.","Kongevellen, Risskov",50 m²,2 vær.
1684834100-535,"7.995,- pr. mdr.","Dagmar Hansens Gade, Risskov",64 m²,3 vær.
1684834100-536,"14.180,- pr. mdr.","Tommy Seebachs Gade, Århus C",101 m²,4 vær.
1684834100-537,"8.895,- pr. mdr.","Møllehatten, Risskov",83 m²,2 vær.
1684834100-538,"6.700,- pr. mdr.","Søren Frichs Vej, Åbyhøj",40 m²,1 vær.
1684834100-539,"11.648,- pr. mdr.","Søren Frichs Vej, Århus C",82 m²,3 vær.
1684834100-540,"8.450,- pr. mdr.","Møllehatten, Risskov",65 m²,2 vær.
1684834100-541,"11.630,- pr. mdr.","Thomas Koppels Gade, Århus C",94 m²,3 vær.
1684834100-542,"8.695,- pr. mdr.","Skovvejen, Århus C",67 m²,2 vær.
1684834100-543,"18.000,- pr. mdr.","Sønder Allé, Århus C",153 m²,3 vær.
1684834100-544,"11.500,- pr. mdr.","Vikærsvej, Risskov",104 m²,4 vær.
1684834100-545,"9.700,- pr. mdr.","Kongevellen, Risskov",68 m²,2 vær.
1684834100-546,"8.295,- pr. mdr.","Møllehatten, Risskov",68 m²,2 vær.
1684834100-547,"13.310,- pr. mdr.","John Mogensens Gade, Århus C",96 m²,4 vær.
1684834100-548,"7.300,- pr. mdr.","Kongevellen, Risskov",49 m²,2 vær.
1684834100-549,"7.100,- pr. mdr.","Kongevellen, Risskov",48 m²,2 vær.
1684834100-550,"9.000,- pr. mdr.","Kongevellen, Risskov",68 m²,3 vær.
1684834100-551,"7.995,- pr. mdr.","Møllehatten, Risskov",65 m²,2 vær.
1684834100-552,"9.710,- pr. mdr.","Sifsgade, Åbyhøj",68 m²,3 vær.
1684834100-553,"8.050,- pr. mdr.","Lilli Andersens Gade, Risskov",62 m²,3 vær.
1684834100-554,"15.500,- pr. mdr.","Thit Jensens Gade, Århus C",111 m²,5 vær.
1684834100-555,"8.600,- pr. mdr.","Lokesvej, Åbyhøj",62 m²,2 vær.
1684834100-556,"6.900,- pr. mdr.","Borresøvej, Risskov",52 m²,2 vær.
1684834100-557,"19.950,- pr. mdr.","Thit Jensens Gade, Århus C",133 m²,4 vær.
1684834100-558,"11.795,- pr. mdr.","Møllehatten, Risskov",85 m²,4 vær.
1684834100-559,"11.061,- pr. mdr.","Broloftet, Risskov",91 m²,3 vær.
1684834100-560,"7.850,- pr. mdr.","Møllehatten, Risskov",66 m²,2 vær.
1684834100-561,"11.700,- pr. mdr.","Thomas Koppels Gade, Århus C",94 m²,3 vær.
1684834100-562,"8.840,- pr. mdr.","Engtoften, Viby J",76 m²,3 vær.
1684834100-563,"13.640,- pr. mdr.","Helle Virkners Plads, Århus C",97 m²,4 vær.
1684834100-564,"13.400,- pr. mdr.","Tommy Seebachs Gade, Århus C",96 m²,4 vær.
1684834100-565,"5.700,- pr. mdr.","Christian X's Vej, Viby J",27 m²,1 vær.
1684834100-566,"10.900,- pr. mdr.","Thorvaldsensgade, Århus C",71 m²,3 vær.
1684834100-567,"8.500,- pr. mdr.","Søren Frichs Vej, Åbyhøj",54 m²,2 vær.
1684834100-568,"8.300,- pr. mdr.","Katrinebjergvej, Århus N",54 m²,2 vær.
1684834100-569,"9.904,- pr. mdr.","Emiliehøj, Højbjerg",111 m²,4 vær.
1684834100-570,"10.000,- pr. mdr.","Borresøvej, Risskov",89 m²,3 vær.
1684834100-571,"8.700,- pr. mdr.","Lokesvej, Åbyhøj",62 m²,2 vær.
1684834100-572,"9.800,- pr. mdr.","Kværnloftet, Risskov",82 m²,3 vær.
1684834100-573,"7.495,- pr. mdr.","Arresøvej, Risskov",540 m²,2 vær.
1684834100-574,"8.900,- pr. mdr.","Daugbjergvej, Århus C",89 m²,2 vær.
1684834100-575,"9.375,- pr. mdr.","Ceresbyen, Århus C",61 m²,2 vær.
1684834100-576,"11.780,- pr. mdr.","Thomas Koppels Gade, Århus C",94 m²,3 vær.
1684834100-577,"8.895,- pr. mdr.","Brassøvej, Risskov",79 m²,3 vær.
1684834100-578,"11.900,- pr. mdr.","Kristine Nielsens Gade, Århus C",75 m²,2 vær.
1684834100-579,"5.950,- pr. mdr.","Arresøvej, Risskov",41 m²,1 vær.
1684834100-580,"13.800,- pr. mdr.","John Mogensens Gade, Århus C",99 m²,4 vær.
1684834100-581,"11.800,- pr. mdr.","Kristine Nielsens Gade, Århus C",87 m²,2 vær.
1684834100-582,"11.180,- pr. mdr.","Helle Virkners Plads, Århus C",82 m²,3 vær.
1684834100-583,"9.700,- pr. mdr.","Thorvaldsensgade, Århus C",67 m²,2 vær.
1684834100-584,"9.900,- pr. mdr.","Kongevellen, Risskov",68 m²,3 vær.
1684834100-585,"9.904,- pr. mdr.","Dirch Passers Gade, Århus C",72 m²,3 vær.
1684834100-586,"7.850,- pr. mdr.","Møllehatten, Risskov",65 m²,2 vær.
1684834100-587,"7.100,- pr. mdr.","Arresøvej, Risskov",50 m²,2 vær.
1684834100-588,"5.700,- pr. mdr.","Christian X's Vej, Viby J",29 m²,1 vær.
1684834100-589,"8.700,- pr. mdr.","Søren Frichs Vej, Åbyhøj",52 m²,2 vær.
1684834100-590,"8.800,- pr. mdr.","Lokesvej, Åbyhøj",61 m²,2 vær.
1684834100-591,"9.000,- pr. mdr.","Kværnloftet, Risskov",82 m²,2 vær.
1684834100-592,"7.250,- pr. mdr.","Engkrogen, Viby J",48 m²,2 vær.
1684834100-593,"6.995,- pr. mdr.","Vester Allé, Århus C",49 m²,2 vær.
1684834100-594,"7.100,- pr. mdr.","Kongevellen, Risskov",46 m²,2 vær.
1684834100-595,"14.100,- pr. mdr.","Thomas Koppels Gade, Århus C",101 m²,4 vær.
1684834100-596,"12.400,- pr. mdr.","Sonnesgade, Århus C",73 m²,4 vær.
1684834100-597,"13.720,- pr. mdr.","Helle Virkners Plads, Århus C",100 m²,4 vær.
1684834100-598,"7.285,- pr. mdr.","Brassøvej, Risskov",52 m²,2 vær.
1684834100-599,"7.049,- pr. mdr.","Engholms Alle, Risskov",56 m²,3 vær.
1684834100-600,"10.199,- pr. mdr.","Brassøvej, Risskov",90 m²,4 vær.
1684834100-601,"9.995,- pr. mdr.","Kristine Nielsens Gade, Århus C",66 m²,1 vær.
1684834100-602,"7.995,- pr. mdr.","Møllehatten, Risskov",65 m²,2 vær.
1684834100-603,"7.000,- pr. mdr.","Trøjborgvej, Århus N",36 m²,1 vær.
1684834100-604,"11.040,- pr. mdr.","Helle Virkners Plads, Århus C",82 m²,3 vær.
1684834100-605,"7.300,- pr. mdr.","Kongevellen, Risskov",49 m²,2 vær.
1684834100-606,"9.900,- pr. mdr.","Kongevellen, Risskov",68 m²,3 vær.
1684834100-607,"7.100,- pr. mdr.","Arresøvej, Risskov",49 m²,2 vær.
1684834100-608,"8.495,- pr. mdr.","Dagmar Hansens Gade, Risskov",71 m²,3 vær.
1684834100-609,"12.900,- pr. mdr.","Vester Allé, Århus C",86 m²,3 vær.
1684834100-610,"11.770,- pr. mdr.","John Mogensens Gade, Århus C",82 m²,3 vær.
1684834100-611,"9.200,- pr. mdr.","Kongevellen, Risskov",64 m²,3 vær.
1684834100-612,"5.050,- pr. mdr.","Olof Palmes Allé, Århus N",30 m²,1 vær.
1684834100-613,"5.600,- pr. mdr.","Kongevellen, Risskov",34 m²,1 vær.
1684834100-614,"7.100,- pr. mdr.","Kongevellen, Risskov",50 m²,2 vær.
1684834100-615,"11.700,- pr. mdr.","Kristine Nielsens Gade, Århus C",77 m²,2 vær.
1684834100-616,"8.800,- pr. mdr.","Søren Frichs Vej, Åbyhøj",53 m²,2 vær.
1684834100-617,"11.650,- pr. mdr.","Sonnesgade, Århus C",90 m²,3 vær.
1684834100-618,"7.300,- pr. mdr.","Arresøvej, Risskov",53 m²,2 vær.
1684834100-619,"5.300,- pr. mdr.","Kongevellen, Risskov",34 m²,1 vær.
1684834100-620,"7.400,- pr. mdr.","Kongevellen, Risskov",49 m²,2 vær.
1684834100-621,"17.900,- pr. mdr.","Søndergade, Århus C",151 m²,4 vær.
1684834100-622,"10.311,- pr. mdr.","Kværnloftet, Risskov",90 m²,3 vær.
1684834100-623,"7.000,- pr. mdr.","Trøjborgvej, Århus N",36 m²,1 vær.
1684834100-624,"8.495,- pr. mdr.","Møllehatten, Risskov",62 m²,2 vær.
1684834100-625,"13.740,- pr. mdr.","Tommy Seebachs Gade, Århus C",99 m²,4 vær.
1684834100-626,"10.100,- pr. mdr.","Kongevellen, Risskov",75 m²,3 vær.
1684834100-627,"12.150,- pr. mdr.","John Mogensens Gade, Århus C",82 m²,4 vær.
1684834100-628,"7.200,- pr. mdr.","Arresøvej, Risskov",54 m²,2 vær.
1684834100-629,"10.695,- pr. mdr.","Dirch Passers Gade, Århus C",79 m²,2 vær.
1684834100-630,"7.300,- pr. mdr.","Doris Kæraas Gade, Risskov",54 m²,2 vær.
1684834100-631,"8.500,- pr. mdr.","Lokesvej, Åbyhøj",64 m²,2 vær.
1684834100-632,"5.800,- pr. mdr.","Kongevellen, Risskov",34 m²,1 vær.
1684834100-633,"7.800,- pr. mdr.","Kongevellen, Risskov",52 m²,2 vær.
1684834100-634,"10.800,- pr. mdr.","Thorvaldsensgade, Århus C",66 m²,3 vær.
1684834100-635,"7.850,- pr. mdr.","Møllehatten, Risskov",65 m²,2 vær.
1684834100-636,"7.300,- pr. mdr.","Arresøvej, Risskov",56 m²,2 vær.
1684834100-637,"13.030,- pr. mdr.","Otto brandenburgs Gade, Århus C",99 m²,4 vær.
1684834100-638,"11.500,- pr. mdr.","Helle Virkners Plads, Århus C",83 m²,3 vær.
1684834100-639,"7.300,- pr. mdr.","Arresøvej, Risskov",50 m²,2 vær.
1684834100-640,"10.200,- pr. mdr.","Kongevellen, Risskov",75 m²,3 vær.
1684834100-641,"10.695,- pr. mdr.","Dirch Passers Gade, Århus C",79 m²,2 vær.
1684834100-642,"10.900,- pr. mdr.","Kristine Nielsens Gade, Århus C",79 m²,2 vær.
1684834100-643,"10.095,- pr. mdr.","Møllehatten, Risskov",97 m²,3 vær.
1684834100-644,"7.500,- pr. mdr.","Kongevellen, Risskov",52 m²,2 vær.
1684834100-645,"7.100,- pr. mdr.","Trøjborgvej, Århus N",36 m²,1 vær.
1684834100-646,"7.400,- pr. mdr.","Kongevellen, Risskov",49 m²,2 vær.
1684834100-647,"10.600,- pr. mdr.","Helle Virkners Plads, Århus C",82 m²,3 vær.
1684834100-648,"10.700,- pr. mdr.","Thorvaldsensgade, Århus C",66 m²,3 vær.
1684834100-649,"5.400,- pr. mdr.","Kongevellen, Risskov",34 m²,1 vær.
1684834100-650,"7.800,- pr. mdr.","Kongevellen, Risskov",50 m²,2 vær.
1684834100-651,"10.795,- pr. mdr.","Brassøvej, Risskov",99 m²,4 vær.
1684834100-652,"14.841,- pr. mdr.","John Mogensens Gade, Århus C",118 m²,4 vær.
1684834100-653,"8.749,- pr. mdr.","Sifsgade, Åbyhøj",59 m²,2 vær.
1684834100-654,"9.200,- pr. mdr.","Kongevellen, Risskov",68 m²,3 vær.
1684834100-655,"7.095,- pr. mdr.","Arresøvej, Risskov",550 m²,2 vær.
1684834100-656,"8.550,- pr. mdr.","Sdr. Ringgade, Århus C",72 m²,2 vær.
1684834100-657,"11.300,- pr. mdr.","Sifsgade, Åbyhøj",88 m²,4 vær.
1684834100-658,"7.100,- pr. mdr.","Kongevellen, Risskov",50 m²,2 vær.
1684834100-659,"7.300,- pr. mdr.","Arresøvej, Risskov",54 m²,2 vær.
1684834100-660,"11.640,- pr. mdr.","Helle Virkners Plads, Århus C",83 m²,3 vær.
1684834100-661,"7.500,- pr. mdr.","Arresøvej, Risskov",50 m²,2 vær.
1684834100-662,"10.300,- pr. mdr.","Kongevellen, Risskov",75 m²,3 vær.
1684834100-663,"9.395,- pr. mdr.","Møllehatten, Risskov",71 m²,3 vær.
1684834100-664,"13.890,- pr. mdr.","Tommy Seebachs Gade, Århus C",100 m²,4 vær.
1684834100-665,"12.695,- pr. mdr.","Sonnesgade, Århus C",85 m²,4 vær.
1684834100-666,"10.088,- pr. mdr.","Dirch Passers Gade, Århus C",73 m²,3 vær.
1684834100-667,"9.100,- pr. mdr.","Trøjborgvej, Århus N",60 m²,3 vær.
1684834100-668,"9.495,- pr. mdr.","Dirch Passers Gade, Århus C",61 m²,2 vær.
1684834100-669,"9.500,- pr. mdr.","Dagmar Petersens Gade, Århus C",61 m²,1 vær.
1684834100-670,"8.795,- pr. mdr.","Paludan Müllers Vej, Århus V",81 m²,3 vær.
1684834100-671,"7.895,- pr. mdr.","Søren Frichs Vej, Åbyhøj",58 m²,2 vær.
1684834100-672,"10.495,- pr. mdr.","Møllehatten, Risskov",92 m²,4 vær.
1684834100-673,"11.040,- pr. mdr.","Tommy Seebachs Gade, Århus C",81 m²,3 vær.
1684834100-674,"8.095,- pr. mdr.","Møllehatten, Risskov",68 m²,2 vær.
1684834100-675,"9.300,- pr. mdr.","Kongevellen, Risskov",64 m²,3 vær.
1684834100-676,"11.700,- pr. mdr.","John Mogensens Gade, Århus C",82 m²,3 vær.
1684834100-677,"7.200,- pr. mdr.","Kongevellen, Risskov",49 m²,2 vær.
1684834100-678,"7.300,- pr. mdr.","Kongevellen, Risskov",46 m²,2 vær.
1684834100-679,"13.110,- pr. mdr.","Tommy Seebachs Gade, Århus C",96 m²,4 vær.
1684834100-680,"7.850,- pr. mdr.","Møllehatten, Risskov",66 m²,2 vær.
1684834100-681,"14.295,- pr. mdr.","Søren Frichs Vej, Åbyhøj",110 m²,4 vær.
1684834100-682,"4.950,- pr. mdr.","Vestre Strandallé, Risskov",36 m²,1 vær.
1684834100-683,"5.750,- pr. mdr.","Vestre Strandallé, Risskov",38 m²,1 vær.
1684834100-684,"11.950,- pr. mdr.","Fiskergade, Århus C",86 m²,3 vær.
1684834100-685,"9.300,- pr. mdr.","Engtoften, Viby J",76 m²,2 vær.
1684834100-686,"8.600,- pr. mdr.","Arresøvej, Risskov",78 m²,3 vær.
1684834100-687,"5.950,- pr. mdr.","Vestre Strandallé, Risskov",37 m²,1 vær.
1684834100-688,"5.950,- pr. mdr.","Vestre Strandallé, Risskov",41 m²,1 vær.
1684834100-689,"5.750,- pr. mdr.","Vestre Strandallé, Risskov",37 m²,1 vær.
1684834100-690,"9.400,- pr. mdr.","Sonnesgade, Århus C",59 m²,2 vær.
1684834100-691,"9.000,- pr. mdr.","Malmøgade, Århus N",65 m²,3 vær.
1684834100-692,"17.000,- pr. mdr.","Jens Baggesens Vej, Århus N",126 m²,4 vær.
1684834100-693,"9.995,- pr. mdr.","Kristine Nielsens Gade, Århus C",65 m²,1 vær.
1684834100-694,"7.125,- pr. mdr.","Møllehatten , Risskov",47 m²,2 vær.
1684834100-695,"12.709,- pr. mdr.","Christian X's Vej, Viby J",113 m²,4 vær.
1684834100-696,"4.950,- pr. mdr.","Vestre Strandallé, Risskov",33 m²,1 vær.
1684834100-697,"5.950,- pr. mdr.","Vestre Strandallé, Risskov",41 m²,1 vær.
1684834100-698,"19.800,- pr. mdr.","Ringen, Århus N",197 m²,4 vær.
1684834100-699,"5.100,- pr. mdr.","Christian X's Vej, Viby J",30 m²,1 vær.
1684834100-700,"6.975,- pr. mdr.","Arresøvej, Risskov",51 m²,2 vær.
1684834100-701,"7.100,- pr. mdr.","Arresøvej, Risskov",51 m²,2 vær.
1684834100-702,"7.100,- pr. mdr.","Arresøvej, Risskov",51 m²,2 vær.
1684834100-703,"6.350,- pr. mdr.","Vestre Strandallé, Risskov",38 m²,1 vær.
1684834100-704,"9.395,- pr. mdr.","Østergade, Århus C",56 m²,2 vær.
1684834100-705,"5.750,- pr. mdr.","Vestre Strandallé, Risskov",38 m²,1 vær.
1684834100-706,"6.700,- pr. mdr.","Vestre Strandallé, Risskov",51 m²,1 vær.
1684834100-707,"5.750,- pr. mdr.","Vestre Strandallé, Risskov",41 m²,1 vær.
1684834100-708,"5.950,- pr. mdr.","Vestre Strandallé, Risskov",38 m²,1 vær.
1684834100-709,"4.950,- pr. mdr.","Vestre Strandallé, Risskov",30 m²,1 vær.
1684834100-710,"9.600,- pr. mdr.","Borggade, Århus C",61 m²,2 vær.
1684834100-711,"6.650,- pr. mdr.","Vestre Strandallé, Risskov",38 m²,1 vær.
1684834100-712,"12.995,- pr. mdr.","Rudolph Wulffs Gade, Århus C",101 m²,4 vær.
1684834100-713,"7.495,- pr. mdr.","Borresøvej, Åbyhøj",580 m²,2 vær.
1684834100-714,"6.900,- pr. mdr.","Vestre Strandallé, Risskov",50 m²,1 vær.
1684834100-715,"9.700,- pr. mdr.","Kongevellen, Risskov",70 m²,3 vær.
1684834100-716,"11.646,- pr. mdr.","Katrinebjergvej, Århus N",86 m²,3 vær.
1684834100-717,"13.995,- pr. mdr.","Sonnesgade, Århus C",114 m²,4 vær.
1684834100-718,"6.650,- pr. mdr.","Vestre Strandallé, Risskov",38 m²,1 vær.
1684834100-719,"6.650,- pr. mdr.","Vestre Strandallé, Risskov",38 m²,1 vær.
1684834100-720,"5.950,- pr. mdr.","Vestre Strandallé, Risskov",38 m²,1 vær.
1684834100-721,"6.975,- pr. mdr.","Arresøvej, Risskov",51 m²,2 vær.
1684834100-722,"7.300,- pr. mdr.","Arresøvej, Risskov",54 m²,2 vær.
1684834100-723,"5.200,- pr. mdr.","Kongevellen, Risskov",34 m²,1 vær.
1684834100-724,"6.700,- pr. mdr.","Vestre Strandallé, Risskov",39 m²,1 vær.
1684834100-725,"9.495,- pr. mdr.","Borresøvej, Risskov",93 m²,3 vær.
1684834100-726,"6.900,- pr. mdr.","Trøjborgvej, Århus N",35 m²,1 vær.
1684834100-727,"11.780,- pr. mdr.","Tommy Seebachs Gade, Århus C",83 m²,3 vær.
1684834100-728,"6.650,- pr. mdr.","Vestre Strandallé, Risskov",39 m²,1 vær.
1684834100-729,"6.650,- pr. mdr.","Vestre Strandallé, Risskov",50 m²,1 vær.
1684834100-730,"5.950,- pr. mdr.","Vestre Strandallé, Risskov",38 m²,1 vær.
1684834100-731,"10.590,- pr. mdr.","Broloftet, Risskov",97 m²,3 vær.
1684834100-732,"7.600,- pr. mdr.","Vesterport, Århus C",53 m²,1 vær.
1684834100-733,"7.684,- pr. mdr.","Eya Jensens Gade, Risskov",64 m²,2 vær.
1684834100-734,"5.950,- pr. mdr.","Vestre Strandallé, Risskov",38 m²,1 vær.
1684834100-735,"11.383,- pr. mdr.","Orla Lehmanns Allé, Århus C",109 m²,4 vær.
1684834100-736,"15.650,- pr. mdr.","Thit Jensens Gade, Århus C",140 m²,5 vær.
1684834100-737,"11.900,- pr. mdr.","Kristine Nielsens Gade, Århus C",77 m²,2 vær.
1684834100-738,"9.663,- pr. mdr.","Doris Kæraas Gade, Risskov",85 m²,4 vær.
1684834100-739,"13.265,- pr. mdr.","Engtoften, Viby J",111 m²,4 vær.
1684834100-740,"8.495,- pr. mdr.","Abildhaven, Lystrup",87 m²,3 vær.
1684834100-741,"9.900,- pr. mdr.","Engtoften, Viby J",85 m²,3 vær.
1684834100-742,"8.800,- pr. mdr.","Kværnloftet, Risskov",78 m²,2 vær.
1684834100-743,"6.650,- pr. mdr.","Vestre Strandallé, Risskov",35 m²,1 vær.
1684834100-744,"7.895,- pr. mdr.","Brassøvej, Risskov",63 m²,3 vær.
1684834100-745,"6.495,- pr. mdr.","Vintervej, Århus V",49 m²,2 vær.
1684834100-746,"7.995,- pr. mdr.","Vintervej, Århus V",76 m²,3 vær.
1684834100-747,"5.800,- pr. mdr.","Kongevellen, Risskov",34 m²,1 vær.
1684834100-748,"9.800,- pr. mdr.","Kongevellen, Risskov",68 m²,2 vær.
1684834100-749,"7.700,- pr. mdr.","Kongevellen, Risskov",50 m²,2 vær.
1684834100-750,"4.950,- pr. mdr.","Vestre Strandallé, Risskov",36 m²,1 vær.
1684834100-751,"6.650,- pr. mdr.","Vestre Strandallé, Risskov",36 m²,1 vær.
1684834100-752,"5.750,- pr. mdr.","Vestre Strandallé, Risskov",38 m²,1 vær.
1684834100-753,"11.700,- pr. mdr.","Bestlasgade, Åbyhøj",95 m²,3 vær.
1684834100-754,"7.100,- pr. mdr.","Arresøvej, Risskov",51 m²,2 vær.
1684834100-755,"14.000,- pr. mdr.","Ringen, Århus N",163 m²,6 vær.
1684834100-756,"9.100,- pr. mdr.","Vikærsvej, Risskov",75 m²,1 vær.
1684834100-757,"12.750,- pr. mdr.","Gustav Holms Vej, Århus N",114 m²,4 vær.
1684834100-758,"4.995,- pr. mdr.","Olof Palmes Allé, Århus N",30 m²,1 vær.
1684834100-759,"4.950,- pr. mdr.","Vestre Strandallé, Risskov",35 m²,1 vær.
1684834100-760,"10.800,- pr. mdr.","Emiliedalsvej, Højbjerg",100 m²,3 vær.
1684834100-761,"14.950,- pr. mdr.","Olof Palmes Allé, Århus N",123 m²,5 vær.
1684834100-762,"7.400,- pr. mdr.","Kongevellen, Risskov",51 m²,2 vær.
1684834100-763,"5.300,- pr. mdr.","Kongevellen, Risskov",34 m²,1 vær.
1684834100-764,"10.102,- pr. mdr.","Doris Kæraas Gade, Risskov",85 m²,4 vær.
1684834100-765,"11.750,- pr. mdr.","Sonnesgade, Århus C",90 m²,3 vær.
1684834100-766,"6.350,- pr. mdr.","Vestre Strandallé, Risskov",37 m²,1 vær.
1684834100-767,"11.900,- pr. mdr.","Lokesvej, Åbyhøj",105 m²,3 vær.
1684834100-768,"5.950,- pr. mdr.","Vestre Strandallé, Risskov",41 m²,1 vær.
1684834100-769,"9.400,- pr. mdr.","Arresøvej, Risskov",75 m²,3 vær.
1684834100-770,"9.975,- pr. mdr.","Arresøvej, Risskov",78 m²,3 vær.
1684834100-771,"9.309,- pr. mdr.","Lerdalen, Højbjerg",87 m²,3 vær.
1684834100-772,"8.600,- pr. mdr.","Arresøvej, Risskov",78 m²,3 vær.
1684834100-773,"6.650,- pr. mdr.","Vestre Strandallé, Risskov",38 m²,1 vær.
1684834100-774,"10.711,- pr. mdr.","Kværnloftet, Risskov",104 m²,3 vær.
1684834100-775,"6.650,- pr. mdr.","Vestre Strandallé, Risskov",38 m²,1 vær.
1684834100-776,"5.950,- pr. mdr.","Vestre Strandallé, Risskov",41 m²,1 vær.
1684834100-777,"11.945,- pr. mdr.","Ellen Jensens Gade, Risskov",92 m²,3 vær.
1684834100-778,"6.200,- pr. mdr.","Christian X's Vej, Viby J",37 m²,1 vær.
1684834100-779,"9.995,- pr. mdr.","Sdr. Ringgade, Århus C",81 m²,3 vær.
1684834100-780,"13.000,- pr. mdr.","Jens Baggesens Vej, Århus N",91 m²,4 vær.
1684834100-781,"8.800,- pr. mdr.","Broloftet, Risskov",73 m²,2 vær.
1684834100-782,"4.950,- pr. mdr.","Vestre Strandallé, Risskov",35 m²,1 vær.
1684834100-783,"5.950,- pr. mdr.","Vestre Strandallé, Risskov",36 m²,1 vær.
1684834100-784,"9.400,- pr. mdr.","Thorvaldsensgade, Århus C",61 m²,2 vær.
1684834100-785,"6.900,- pr. mdr.","Vestre Strandallé, Risskov",51 m²,1 vær.
1684834100-786,"6.350,- pr. mdr.","Vestre Strandallé, Risskov",39 m²,1 vær.
1684834100-787,"10.195,- pr. mdr.","Viby Torv, Viby J",90 m²,3 vær.
1684834100-788,"8.650,- pr. mdr.","Emiliedalen, Højbjerg",73 m²,2 vær.
1684834100-789,"6.150,- pr. mdr.","Vestre Strandallé, Risskov",38 m²,1 vær.
1684834100-790,"6.650,- pr. mdr.","Vestre Strandallé, Risskov",51 m²,1 vær.
1684834100-791,"5.750,- pr. mdr.","Vestre Strandallé, Risskov",41 m²,1 vær.
1684834100-792,"7.000,- pr. mdr.","Trøjborgvej, Århus N",35 m²,1 vær.
1684834100-793,"7.700,- pr. mdr.","Kongevellen, Risskov",50 m²,2 vær.
1684834100-794,"12.419,- pr. mdr.","Kildegården, Århus C",145 m²,5 vær.
1684834100-795,"11.960,- pr. mdr.","Mejlgade, Århus C",105 m²,3 vær.
1684834100-796,"5.950,- pr. mdr.","Vestre Strandallé, Risskov",35 m²,1 vær.
1684834100-797,"9.295,- pr. mdr.","Kongsvang Allé, Århus C",73 m²,2 vær.
1684834100-798,"10.500,- pr. mdr.","Stockholmsgade, Århus N",80 m²,3 vær.
1684834100-799,"6.500,- pr. mdr.","Trøjborgvej, Århus N",36 m²,1 vær.
1684834100-800,"6.975,- pr. mdr.","Arresøvej, Risskov",51 m²,2 vær.
1684834100-801,"6.650,- pr. mdr.","Vestre Strandallé, Risskov",35 m²,1 vær.
1684834100-802,"9.395,- pr. mdr.","Borresøvej, Risskov",88 m²,3 vær.
1684834100-803,"6.650,- pr. mdr.","Vestre Strandallé, Risskov",41 m²,1 vær.
1684834100-804,"10.456,- pr. mdr.","Langelandsgade, Århus C",73 m²,3 vær.
1684834100-805,"6.650,- pr. mdr.","Vestre Strandallé, Risskov",41 m²,1 vær.
1684834100-806,"5.595,- pr. mdr.","Møllevangen, Tranbjerg J",470 m²,2 vær.
1684834100-807,"5.950,- pr. mdr.","Vestre Strandallé, Risskov",37 m²,1 vær.
1684834100-808,"7.300,- pr. mdr.","Arresøvej, Risskov",53 m²,2 vær.
1684834100-809,"9.100,- pr. mdr.","Kongevellen, Risskov",68 m²,3 vær.
1684834100-810,"5.950,- pr. mdr.","Vestre Strandallé, Risskov",36 m²,1 vær.
1684834100-811,"4.995,- pr. mdr.","Olof Palmes Allé, Århus N",30 m²,1 vær.
1684834100-812,"10.845,- pr. mdr.","Jyllands Allé, Århus C",92 m²,3 vær.
1684834100-813,"5.750,- pr. mdr.","Vestre Strandallé, Risskov",37 m²,1 vær.
1684834100-814,"5.950,- pr. mdr.","Vestre Strandallé, Risskov",38 m²,1 vær.
1684834100-815,"5.750,- pr. mdr.","Lilli Andersens Gade, Risskov",43 m²,1 vær.
1684834100-816,"6.150,- pr. mdr.","Vestre Strandallé, Risskov",37 m²,1 vær.
1684834100-817,"6.650,- pr. mdr.","Vestre Strandallé, Risskov",41 m²,1 vær.
1684834100-818,"5.750,- pr. mdr.","Vestre Strandallé, Risskov",38 m²,1 vær.
1684834100-819,"12.000,- pr. mdr.","Borggade, Århus C",87 m²,1 vær.
1684834100-820,"6.150,- pr. mdr.","Vestre Strandallé, Risskov",41 m²,1 vær.
1684834100-821,"8.995,- pr. mdr.","Skovvejen, Århus C",62 m²,2 vær.
1684834100-822,"11.200,- pr. mdr.","Tranekærvej, Risskov",100 m²,2 vær.
1684834100-823,"7.495,- pr. mdr.","Borresøvej, Åbyhøj",580 m²,2 vær.
1684834100-824,"6.975,- pr. mdr.","Arresøvej, Risskov",51 m²,2 vær.
1684834100-825,"6.650,- pr. mdr.","Vestre Strandallé, Risskov",37 m²,1 vær.
1684834100-826,"6.650,- pr. mdr.","Vestre Strandallé, Risskov",36 m²,1 vær.
1684834100-827,"7.995,- pr. mdr.","Dagmar Hansens Gade, Risskov",64 m²,3 vær.
1684834100-828,"14.000,- pr. mdr.","Helga Pedersens Gade, Århus C",60 m²,1 vær.
1684834100-829,"14.700,- pr. mdr.","Dagmar Petersens Gade, Århus C",110 m²,2 vær.
1684834100-830,"7.995,- pr. mdr.","Oddervej, Højbjerg",77 m²,2 vær.
1684834100-831,"10.552,- pr. mdr.","Olof Palmes Allé, Århus N",82 m²,3 vær.
1684834100-832,"11.800,- pr. mdr.","Thit Jensens Gade, Århus C",100 m²,3 vær.
1684834100-833,"10.600,- pr. mdr.","Thit Jensens Gade, Århus C",95 m²,3 vær.
1684834100-834,"14.550,- pr. mdr.","Gustav Holms Vej, Århus N",128 m²,4 vær.
1684834100-835,"7.100,- pr. mdr.","Arresøvej, Risskov",51 m²,2 vær.
1684834100-836,"6.150,- pr. mdr.","Vestre Strandallé, Risskov",35 m²,1 vær.
1684834100-837,"5.050,- pr. mdr.","Olof Palmes Allé, Århus N",32 m²,1 vær.
1684834100-838,"9.250,- pr. mdr.","Bifrostgade, Åbyhøj",71 m²,1 vær.
1684834100-839,"6.200,- pr. mdr.","Søren Frichs Vej, Åbyhøj",37 m²,1 vær.
1684834100-840,"11.200,- pr. mdr.","Broloftet, Risskov",99 m²,4 vær.
1684834100-841,"12.700,- pr. mdr.","Ryesgade, Århus C",114 m²,3 vær.
1684834100-842,"10.490,- pr. mdr.","Broloftet, Risskov",92 m²,3 vær.
1684834100-843,"6.650,- pr. mdr.","Vestre Strandallé, Risskov",36 m²,1 vær.
1684834100-844,"16.095,- pr. mdr.","Østergade, Århus C",106 m²,3 vær.
1684834100-845,"6.650,- pr. mdr.","Vestre Strandallé, Risskov",40 m²,1 vær.
1684834100-846,"6.995,- pr. mdr.","Engsøvej, Risskov",580 m²,2 vær.
1684834100-847,"10.800,- pr. mdr.","Broloftet, Risskov",93 m²,3 vær.
1684834100-848,"9.550,- pr. mdr.","Sonnesgade, Århus C",59 m²,2 vær.
1684834100-849,"8.250,- pr. mdr.","Doris Kæraas Gade, Risskov",63 m²,3 vær.
1684834100-850,"12.975,- pr. mdr.","Lokesvej, Åbyhøj",105 m²,3 vær.
1684834100-851,"6.350,- pr. mdr.","Vestre Strandallé, Risskov",35 m²,1 vær.
1684834100-852,"4.950,- pr. mdr.","Vestre Strandallé, Risskov",33 m²,1 vær.
1684834100-853,"7.100,- pr. mdr.","Trøjborgvej, Århus N",35 m²,1 vær.
1684834100-854,"6.700,- pr. mdr.","Trøjborgvej, Århus N",36 m²,1 vær.
1684834100-855,"8.300,- pr. mdr.","Arresøvej, Risskov",65 m²,3 vær.
1684834100-856,"10.300,- pr. mdr.","Vester Allé, Århus C",74 m²,3 vær.
1684834100-857,"5.950,- pr. mdr.","Søren Frichs Vej, Åbyhøj",34 m²,1 vær.
1684834100-858,"7.300,- pr. mdr.","Arresøvej, Risskov",54 m²,2 vær.
1684834100-859,"7.500,- pr. mdr.","Arresøvej, Risskov",54 m²,2 vær.
1684834100-860,"7.100,- pr. mdr.","Arresøvej, Risskov",49 m²,2 vær.
1684834100-861,"6.975,- pr. mdr.","Arresøvej, Risskov",51 m²,2 vær.
1684834100-862,"9.400,- pr. mdr.","Arresøvej, Risskov",78 m²,3 vær.
1684834100-863,"6.350,- pr. mdr.","Vestre Strandallé, Risskov",41 m²,1 vær.
1684834100-864,"5.950,- pr. mdr.","Vestre Strandallé, Risskov",40 m²,1 vær.
1684834100-865,"7.100,- pr. mdr.","Doris Kæraas Gade, Risskov",54 m²,2 vær.
1684834100-866,"6.350,- pr. mdr.","Vestre Strandallé, Risskov",37 m²,1 vær.
1684834100-867,"10.250,- pr. mdr.","Viby Torv, Viby J",91 m²,3 vær.
1684834100-868,"5.950,- pr. mdr.","Vestre Strandallé, Risskov",41 m²,1 vær.
1684834100-869,"7.300,- pr. mdr.","Arresøvej, Risskov",51 m²,2 vær.
1684834100-870,"10.950,- pr. mdr.","Olof Palmes Allé, Århus N",98 m²,3 vær.
1684834100-871,"8.300,- pr. mdr.","Langenæs Allé, Århus C",59 m²,2 vær.
1684834100-872,"8.018,- pr. mdr.","Eya Jensens Gade, Risskov",64 m²,2 vær.
1684834100-873,"8.495,- pr. mdr.","Søren Frichs Vej, Århus C",57 m²,2 vær.
1684834100-874,"8.995,- pr. mdr.","Kværnloftet, Risskov",78 m²,2 vær.
1684834100-875,"7.670,- pr. mdr.","Abildhaven, Lystrup",84 m²,2 vær.
1684834100-876,"18.000,- pr. mdr.","Helga Pedersens Gade, Århus C",112 m²,2 vær.
1684834100-877,"10.200,- pr. mdr.","Ceresbyen, Århus C",66 m²,3 vær.
1684834100-878,"8.395,- pr. mdr.","Abildhaven, Lystrup",84 m²,3 vær.
1684834100-879,"7.300,- pr. mdr.","Arresøvej, Risskov",54 m²,2 vær.
1684834100-880,"9.150,- pr. mdr.","Finderupvej, Århus C",65 m²,2 vær.
1684834100-881,"8.995,- pr. mdr.","Kamma Klitgårds Gade, Risskov",87 m²,2 vær.
1684834100-882,"9.611,- pr. mdr.","Otto Brandenburgs Gade, Århus C",70 m²,3 vær.
1684834100-883,"6.350,- pr. mdr.","Vestre Strandallé, Risskov",39 m²,1 vær.
1684834100-884,"5.750,- pr. mdr.","Vestre Strandallé, Risskov",41 m²,1 vær.
1684834100-885,"7.095,- pr. mdr.","Arresøvej, Risskov",520 m²,2 vær.
1684834100-886,"6.695,- pr. mdr.","Vintervej, Århus V",50 m²,2 vær.
1684834100-887,"6.650,- pr. mdr.","Vestre Strandallé, Risskov",40 m²,1 vær.
1684834100-888,"5.950,- pr. mdr.","Vestre Strandallé, Risskov",39 m²,1 vær.
1684834100-889,"9.300,- pr. mdr.","Bifrostgade, Åbyhøj",75 m²,2 vær.
1684834100-890,"6.995,- pr. mdr.","Engsøvej, Risskov",580 m²,2 vær.
1684834100-891,"8.250,- pr. mdr.","Engtoften, Viby J",79 m²,3 vær.
1684834100-892,"10.995,- pr. mdr.","Trøjborgvej, Århus N",88 m²,3 vær.
1684834100-893,"5.750,- pr. mdr.","Vestre Strandallé, Risskov",41 m²,1 vær.
1684834100-894,"12.950,- pr. mdr.","Fiskergade, Århus C",94 m²,3 vær.
1684834100-895,"13.120,- pr. mdr.","Sandbakken, Højbjerg",128 m²,5 vær.
1684834100-896,"7.300,- pr. mdr.","Arresøvej, Risskov",53 m²,2 vær.
1684834100-897,"9.400,- pr. mdr.","Arresøvej, Risskov",79 m²,3 vær.
1684834100-898,"6.650,- pr. mdr.","Vestre Strandallé, Risskov",38 m²,1 vær.
1684834100-899,"6.650,- pr. mdr.","Vestre Strandallé, Risskov",37 m²,1 vær.
1684834100-900,"6.350,- pr. mdr.","Vestre Strandallé, Risskov",40 m²,1 vær.
1684834100-901,"5.950,- pr. mdr.","Vestre Strandallé, Risskov",39 m²,1 vær.
1684834100-902,"8.195,- pr. mdr.","Doris Kæraas Gade, Risskov",62 m²,3 vær.
1684834100-903,"12.150,- pr. mdr.","Lokesvej, Åbyhøj",105 m²,3 vær.
1684834100-904,"4.950,- pr. mdr.","Vestre Strandallé, Risskov",35 m²,1 vær.
1684834100-905,"5.050,- pr. mdr.","Olof Palmes Allé, Århus N",30 m²,1 vær.
1684834100-906,"27.000,- pr. mdr.","Irma Pedersens Gade, Århus C",145 m²,4 vær.
1684834100-907,"6.650,- pr. mdr.","Vestre Strandallé, Risskov",39 m²,1 vær.
1684834100-908,"11.700,- pr. mdr.","Kristine Nielsens Gade, Århus C",76 m²,3 vær.
1684834100-909,"11.195,- pr. mdr.","Møllehatten, Risskov",85 m²,4 vær.
1684834100-910,"11.100,- pr. mdr.","Vikærsvej, Risskov",100 m²,2 vær.
1684834100-911,"9.395,- pr. mdr.","Møllehatten, Risskov",71 m²,3 vær.
1684834100-912,"11.500,- pr. mdr.","Lokesvej, Åbyhøj",95 m²,3 vær.
1684834100-913,"7.695,- pr. mdr.","Borresøvej, Åbyhøj",560 m²,2 vær.
1684834100-914,"12.300,- pr. mdr.","Dagmar Petersens Gade, Århus C",74 m²,2 vær.
1684834100-915,"8.800,- pr. mdr.","Randersvej, Århus N",70 m²,2 vær.
1684834100-916,"9.300,- pr. mdr.","Fiskergade, Århus C",70 m²,2 vær.
1684834100-917,"13.800,- pr. mdr.","Amaliegade, Århus C",107 m²,2 vær.
1684834100-918,"11.000,- pr. mdr.","Randersvej, Århus N",94 m²,3 vær.
1684834100-919,"5.750,- pr. mdr.","Vestre Strandallé, Risskov",35 m²,1 vær.
1684834100-920,"11.296,- pr. mdr.","Katrinebjergvej, Århus N",86 m²,3 vær.
1684834100-921,"11.145,- pr. mdr.","Ellen Jensens Gade, Risskov",90 m²,3 vær.
1684834100-922,"7.625,- pr. mdr.","Doris Kæraas Gade, Risskov",54 m²,3 vær.
1684834100-923,"9.300,- pr. mdr.","Sonnesgade, Århus C",72 m²,2 vær.
1684834100-924,"6.650,- pr. mdr.","Vestre Strandallé, Risskov",35 m²,1 vær.
1684834100-925,"5.750,- pr. mdr.","Vestre Strandallé, Risskov",37 m²,1 vær.
1684834100-926,"6.150,- pr. mdr.","Vestre Strandallé, Risskov",37 m²,1 vær.
1684834100-927,"8.195,- pr. mdr.","Møllehatten, Risskov",64 m²,2 vær.
1684834100-928,"15.950,- pr. mdr.","Sonnesgade, Århus C",114 m²,4 vær.
1684834100-929,"14.700,- pr. mdr.","Sonnesgade, Århus C",87 m²,4 vær.
1684834100-930,"5.950,- pr. mdr.","Vestre Strandallé, Risskov",38 m²,1 vær.
1684834100-931,"8.695,- pr. mdr.","Møllehatten, Risskov",65 m²,3 vær.
1684834100-932,"8.300,- pr. mdr.","Søren Frichs Vej, Åbyhøj",51 m²,2 vær.
1684834100-933,"9.400,- pr. mdr.","Trøjborgvej, Århus N",66 m²,3 vær.
1684834100-934,"7.300,- pr. mdr.","Arresøvej, Risskov",54 m²,2 vær.
1684834100-935,"8.950,- pr. mdr.","Arresøvej, Risskov",65 m²,3 vær.
1684834100-936,"8.900,- pr. mdr.","Arresøvej, Risskov",68 m²,3 vær.
1684834100-937,"8.300,- pr. mdr.","Arresøvej, Risskov",66 m²,3 vær.
1684834100-938,"7.900,- pr. mdr.","Arresøvej, Risskov",71 m²,3 vær.
1684834100-939,"9.975,- pr. mdr.","Arresøvej, Risskov",75 m²,3 vær.
1684834100-940,"9.975,- pr. mdr.","Arresøvej, Risskov",75 m²,3 vær.
1684834100-941,"9.975,- pr. mdr.","Arresøvej, Risskov",75 m²,3 vær.
1684834100-942,"9.400,- pr. mdr.","Arresøvej, Risskov",76 m²,3 vær.
1684834100-943,"6.975,- pr. mdr.","Arresøvej, Risskov",52 m²,2 vær.
1684834100-944,"6.975,- pr. mdr.","Arresøvej, Risskov",52 m²,2 vær.
1684834100-945,"6.975,- pr. mdr.","Arresøvej, Risskov",51 m²,2 vær.
1684834100-946,"8.800,- pr. mdr.","Arresøvej, Risskov",75 m²,3 vær.
1684834100-947,"8.600,- pr. mdr.","Arresøvej, Risskov",78 m²,3 vær.
1684834100-948,"8.600,- pr. mdr.","Arresøvej, Risskov",75 m²,3 vær.
1684834100-949,"7.100,- pr. mdr.","Arresøvej, Risskov",51 m²,2 vær.
1684834100-950,"14.000,- pr. mdr.","Ringen, Århus N",181 m²,6 vær.
1684834100-951,"9.275,- pr. mdr.","Lokesvej, Åbyhøj",73 m²,2 vær.
1684834100-952,"6.650,- pr. mdr.","Vestre Strandallé, Risskov",40 m²,1 vær.
1684834100-953,"6.150,- pr. mdr.","Vestre Strandallé, Risskov",40 m²,1 vær.
1684834100-954,"9.195,- pr. mdr.","Borresøvej, Risskov",87 m²,3 vær.
1684834100-955,"11.038,- pr. mdr.","Katrinebjergvej, Århus N",86 m²,2 vær.
1684834100-956,"9.395,- pr. mdr.","Borresøvej, Risskov",88 m²,3 vær.
1684834100-957,"9.200,- pr. mdr.","Fiskergade, Århus C",69 m²,2 vær.
1684834100-958,"19.500,- pr. mdr.","Langelinieparken, Århus C",118 m²,2 vær.
1684834100-959,"9.795,- pr. mdr.","Tove Ditlevsens Gade, Risskov",93 m²,4 vær.
1684834100-960,"9.550,- pr. mdr.","Lokesvej, Åbyhøj",67 m²,2 vær.
1684834100-961,"6.975,- pr. mdr.","Arresøvej, Risskov",52 m²,2 vær.
1684834100-962,"9.700,- pr. mdr.","Lokesvej, Åbyhøj",67 m²,2 vær.
1684834100-963,"7.950,- pr. mdr.","Lokesvej, Åbyhøj",56 m²,1 vær.
1684834100-964,"7.900,- pr. mdr.","Gøteborg Allé, Århus N",42 m²,1 vær.
1684834100-965,"6.150,- pr. mdr.","Vestre Strandallé, Risskov",38 m²,1 vær.
1684834100-966,"7.200,- pr. mdr.","Arresøvej, Risskov",51 m²,2 vær.
1684834100-967,"7.500,- pr. mdr.","Arresøvej, Risskov",54 m²,2 vær.
1684834100-968,"7.100,- pr. mdr.","Arresøvej, Risskov",54 m²,2 vær.
1684834100-969,"8.600,- pr. mdr.","Vikærsvej, Risskov",61 m²,3 vær.
1684834100-970,"7.100,- pr. mdr.","Arresøvej, Risskov",51 m²,2 vær.
1684834100-971,"7.100,- pr. mdr.","Arresøvej, Risskov",51 m²,2 vær.
1684834100-972,"7.300,- pr. mdr.","Arresøvej, Risskov",51 m²,2 vær.
1684834100-973,"6.975,- pr. mdr.","Arresøvej, Risskov",52 m²,2 vær.
1684834100-974,"9.975,- pr. mdr.","Arresøvej, Risskov",78 m²,3 vær.
1684834100-975,"8.600,- pr. mdr.","Arresøvej, Risskov",76 m²,3 vær.
1684834100-976,"7.990,- pr. mdr.","Vikærsvej, Risskov",65 m²,3 vær.
1684834100-977,"8.500,- pr. mdr.","Søren Frichs Vej, Åbyhøj",53 m²,2 vær.
1684834100-978,"5.950,- pr. mdr.","Søren Frichs Vej, Åbyhøj",34 m²,1 vær.
1684834100-979,"9.400,- pr. mdr.","Trøjborgvej, Århus N",66 m²,3 vær.
1684834100-980,"6.700,- pr. mdr.","Trøjborgvej, Århus N",38 m²,1 vær.
1684834100-981,"6.900,- pr. mdr.","Trøjborgvej, Århus N",35 m²,1 vær.
1684834100-982,"7.300,- pr. mdr.","Arresøvej, Risskov",56 m²,2 vær.
1684834100-983,"7.300,- pr. mdr.","Arresøvej, Risskov",56 m²,2 vær.
1684834100-984,"7.300,- pr. mdr.","Arresøvej, Risskov",53 m²,2 vær.
1684834100-985,"7.100,- pr. mdr.","Arresøvej, Risskov",56 m²,2 vær.
1684834100-986,"8.300,- pr. mdr.","Arresøvej, Risskov",68 m²,3 vær.
1684834100-987,"8.300,- pr. mdr.","Arresøvej, Risskov",68 m²,3 vær.
1684834100-988,"8.300,- pr. mdr.","Arresøvej, Risskov",65 m²,3 vær.
1684834100-989,"8.300,- pr. mdr.","Arresøvej, Risskov",65 m²,3 vær.
1684834100-990,"8.300,- pr. mdr.","Arresøvej, Risskov",64 m²,3 vær.
1684834100-991,"8.300,- pr. mdr.","Arresøvej, Risskov",68 m²,3 vær.
1684834100-992,"7.950,- pr. mdr.","Arresøvej, Risskov",69 m²,3 vær.
1684834100-993,"7.500,- pr. mdr.","Arresøvej, Risskov",51 m²,2 vær.
1684834100-994,"7.100,- pr. mdr.","Arresøvej, Risskov",53 m²,2 vær.
1684834100-995,"7.100,- pr. mdr.","Arresøvej, Risskov",49 m²,2 vær.
1684834100-996,"7.100,- pr. mdr.","Arresøvej, Risskov",50 m²,2 vær.
1684834100-997,"7.100,- pr. mdr.","Arresøvej, Risskov",50 m²,2 vær.
1684834100-998,"7.100,- pr. mdr.","Arresøvej, Risskov",49 m²,2 vær.
1684834100-999,"6.800,- pr. mdr.","Arresøvej, Risskov",47 m²,2 vær.
1684834100-1000,"9.975,- pr. mdr.","Arresøvej, Risskov",76 m²,3 vær.
1684834100-1001,"9.975,- pr. mdr.","Arresøvej, Risskov",79 m²,3 vær.
1684834100-1002,"9.975,- pr. mdr.","Arresøvej, Risskov",79 m²,3 vær.
1684834100-1003,"9.975,- pr. mdr.","Arresøvej, Risskov",76 m²,3 vær.
1684834100-1004,"9.975,- pr. mdr.","Arresøvej, Risskov",79 m²,3 vær.
1684834100-1005,"9.975,- pr. mdr.","Arresøvej, Risskov",78 m²,3 vær.
1684834100-1006,"9.975,- pr. mdr.","Arresøvej, Risskov",75 m²,3 vær.
1684834100-1007,"9.975,- pr. mdr.","Arresøvej, Risskov",78 m²,3 vær.
1684834100-1008,"9.975,- pr. mdr.","Arresøvej, Risskov",75 m²,3 vær.
1684834100-1009,"7.100,- pr. mdr.","Arresøvej, Risskov",52 m²,2 vær.
1684834100-1010,"7.100,- pr. mdr.","Arresøvej, Risskov",52 m²,2 vær.
1684834100-1011,"6.975,- pr. mdr.","Arresøvej, Risskov",52 m²,2 vær.
1684834100-1012,"6.975,- pr. mdr.","Arresøvej, Risskov",52 m²,2 vær.
1684834100-1013,"6.975,- pr. mdr.","Arresøvej, Risskov",52 m²,2 vær.
1684834100-1014,"6.975,- pr. mdr.","Arresøvej, Risskov",51 m²,2 vær.
1684834100-1015,"8.800,- pr. mdr.","Arresøvej, Risskov",75 m²,3 vær.
1684834100-1016,"8.800,- pr. mdr.","Arresøvej, Risskov",78 m²,3 vær.
1684834100-1017,"8.800,- pr. mdr.","Arresøvej, Risskov",78 m²,3 vær.
1684834100-1018,"8.800,- pr. mdr.","Arresøvej, Risskov",76 m²,3 vær.
1684834100-1019,"8.800,- pr. mdr.","Arresøvej, Risskov",75 m²,3 vær.
1684834100-1020,"8.800,- pr. mdr.","Arresøvej, Risskov",75 m²,3 vær.
1684834100-1021,"8.600,- pr. mdr.","Arresøvej, Risskov",75 m²,3 vær.
1684834100-1022,"8.800,- pr. mdr.","Arresøvej, Risskov",78 m²,3 vær.
1684834100-1023,"8.600,- pr. mdr.","Arresøvej, Risskov",75 m²,3 vær.
1684834100-1024,"8.600,- pr. mdr.","Arresøvej, Risskov",75 m²,3 vær.
1684834100-1025,"7.300,- pr. mdr.","Arresøvej, Risskov",51 m²,2 vær.
1684834100-1026,"7.300,- pr. mdr.","Arresøvej, Risskov",51 m²,2 vær.
1684834100-1027,"7.300,- pr. mdr.","Arresøvej, Risskov",51 m²,2 vær.
1684834100-1028,"7.100,- pr. mdr.","Arresøvej, Risskov",51 m²,2 vær.
1684834100-1029,"7.100,- pr. mdr.","Arresøvej, Risskov",51 m²,2 vær.
1684834100-1030,"7.300,- pr. mdr.","Arresøvej, Risskov",51 m²,2 vær.
1684834100-1031,"7.100,- pr. mdr.","Arresøvej, Risskov",51 m²,2 vær.
1684834100-1032,"4.950,- pr. mdr.","Vestre Strandallé, Risskov",34 m²,1 vær.
1684834100-1033,"16.450,- pr. mdr.","Olof Palmes Allé, Århus N",133 m²,4 vær.
1684834100-1034,"6.150,- pr. mdr.","Vestre Strandallé, Risskov",37 m²,1 vær.
1684834100-1035,"7.095,- pr. mdr.","Arresøvej, Risskov",540 m²,2 vær.
1684834100-1036,"6.777,- pr. mdr.","Engholms Alle, Risskov",56 m²,2 vær.
1684834100-1037,"10.500,- pr. mdr.","Randersvej, Århus N",87 m²,3 vær.
1684834100-1038,"13.500,- pr. mdr.","Sonnesgade, Århus C",86 m²,4 vær.
1684834100-1039,"9.700,- pr. mdr.","Skådehøjen, Højbjerg",102 m²,3 vær.
1684834100-1040,"8.495,- pr. mdr.","Dagmar Hansens Gade, Risskov",70 m²,3 vær.
1684834100-1041,"11.232,- pr. mdr.","Rødbedevej, Århus N",102 m²,3 vær.
1684834100-1042,"11.150,- pr. mdr.","Sonnesgade, Århus C",90 m²,3 vær.
1684834100-1043,"8.250,- pr. mdr.","Lokesvej, Åbyhøj",56 m²,1 vær.
1684834100-1044,"7.580,- pr. mdr.","Paradisgade, Århus C",41 m²,1 vær.
1684834100-1045,"7.300,- pr. mdr.","Doris Kæraas Gade, Risskov",54 m²,2 vær.
1684834100-1046,"8.650,- pr. mdr.","Lokesvej, Åbyhøj",56 m²,1 vær.
1684834100-1047,"12.700,- pr. mdr.","Vikærsvej, Risskov",115 m²,3 vær.
1684834100-1048,"9.500,- pr. mdr.","Gøteborg Allé, Århus N",60 m²,2 vær.
1684834100-1049,"12.500,- pr. mdr.","Kværnloftet, Risskov",116 m²,3 vær.
1684834100-1050,"10.995,- pr. mdr.","Broloftet, Risskov",91 m²,3 vær.
1684834100-1051,"8.117,- pr. mdr.","J.P. Larsens Vej, Brabrand",75 m²,2 vær.
1684834100-1052,"9.195,- pr. mdr.","Gudrunsvej, Brabrand",99 m²,4 vær.
1684834100-1053,"8.495,- pr. mdr.","Anna Anchers Gade, Brabrand",86 m²,3 vær.
1684834100-1054,"8.495,- pr. mdr.","Anna Anchers Gade, Brabrand",76 m²,3 vær.
1684834100-1055,"7.600,- pr. mdr.","Onsholtvej, Viby J",73 m²,3 vær.
1684834100-1056,"7.955,- pr. mdr.","Onsholtvej, Viby J",76 m²,3 vær.
1684834100-1057,"10.528,- pr. mdr.","J.P. Larsens Vej, Brabrand",102 m²,3 vær.
1684834100-1058,"5.995,- pr. mdr.","Elna Munchs Gade, Brabrand",45 m²,2 vær.
1684834100-1059,"6.820,- pr. mdr.","Onsholtvej, Viby J",64 m²,2 vær.
1684834100-1060,"11.995,- pr. mdr.","Honningvænget, Tilst",114 m²,5 vær.
1684834100-1061,"5.895,- pr. mdr.","Elna Munchs Gade, Brabrand",48 m²,2 vær.
1684834100-1062,"8.995,- pr. mdr.","Gudrunsvej, Brabrand",105 m²,4 vær.
1684834100-1063,"8.550,- pr. mdr.","Elna Munchs Gade, Brabrand",94 m²,4 vær.
1684834100-1064,"12.300,- pr. mdr.","Honningvænget, Tilst",120 m²,5 vær.
1684834100-1065,"38.000,- pr. mdr.","Vibevej, Risskov",198 m²,5 vær.
1684834100-1066,"6.820,- pr. mdr.","Onsholtvej, Viby J",61 m²,2 vær.
1684834100-1067,"6.325,- pr. mdr.","J.P. Larsens Vej, Brabrand",56 m²,2 vær.
1684834100-1068,"6.820,- pr. mdr.","Onsholtvej, Viby J",59 m²,2 vær.
1684834100-1069,"6.325,- pr. mdr.","J.P. Larsens Vej, Brabrand",56 m²,2 vær.
1684834100-1070,"10.365,- pr. mdr.","Bugthusene, Egå",94 m²,3 vær.
1684834100-1071,"8.117,- pr. mdr.","J.P. Larsens Vej, Brabrand",75 m²,2 vær.
1684834100-1072,"6.325,- pr. mdr.","J.P. Larsens Vej, Brabrand",56 m²,2 vær.
1684834100-1073,"10.670,- pr. mdr.","Solsikkevænget, Århus N",108 m²,3 vær.
1684834100-1074,"7.887,- pr. mdr.","Tulipanlunden, Århus N",64 m²,3 vær.
1684834100-1075,"10.635,- pr. mdr.","J.P. Larsens Vej, Brabrand",103 m²,3 vær.
1684834100-1076,"6.820,- pr. mdr.","Onsholtvej, Viby J",59 m²,2 vær.
1684834100-1077,"8.070,- pr. mdr.","J.P. Larsens Vej, Brabrand",79 m²,2 vær.
1684834100-1078,"5.495,- pr. mdr.","Elna Munchs Gade, Brabrand",46 m²,2 vær.
1684834100-1079,"9.196,- pr. mdr.","J.P. Larsens Vej, Brabrand",87 m²,3 vær.
1684834100-1080,"8.141,- pr. mdr.","J.P. Larsens Vej, Brabrand",78 m²,2 vær.
1684834100-1081,"11.300,- pr. mdr.","Honningvænget, Tilst",108 m²,4 vær.
1684834100-1082,"4.900,- pr. mdr.","Honningvænget, Tilst",33 m²,1 vær.
1684834100-1083,"10.200,- pr. mdr.","Lily Brobergs Gade, Brabrand",102 m²,3 vær.
1684834100-1084,"9.490,- pr. mdr.","Stavnsvej, Tilst",84 m²,3 vær.
1684834100-1085,"6.400,- pr. mdr.","Honningvænget, Tilst",42 m²,2 vær.
1684834100-1086,"6.500,- pr. mdr.","Honningvænget, Tilst",42 m²,2 vær.
1684834100-1087,"11.300,- pr. mdr.","Honningvænget, Tilst",102 m²,4 vær.
1684834100-1088,"6.086,- pr. mdr.","Stenaldervej, Brabrand",64 m²,3 vær.
1684834100-1089,"10.400,- pr. mdr.","Solsikkevænget, Århus N",108 m²,3 vær.
1684834100-1090,"4.673,- pr. mdr.","Stenaldervej, Brabrand",47 m²,2 vær.
1684834100-1091,"5.740,- pr. mdr.","Gudrunsvej, Brabrand",47 m²,2 vær.
1684834100-1092,"4.757,- pr. mdr.","Stenaldervej, Brabrand",47 m²,2 vær.
1684834100-1093,"5.795,- pr. mdr.","Gudrunsvej, Brabrand",42 m²,2 vær.